english,tamil
asking about the control measure for aphid infestation in mustard crops,கடுகு பயிர்களில் அசுவினி தாக்குதலை கட்டுப்படுத்தும் நடவடிக்கை குறித்து கேட்டறிந்தார்
suggested him to spray rogor@2ml/lit.at evening time.,மாலை நேரத்தில் rogor@2ml/lit.ஐ தெளிக்குமாறு பரிந்துரைத்தார்.
asking about the control measure of flower drop problem in his coconut plant,தென்னை செடியில் பூ துளி பிரச்சனையை கட்டுப்படுத்தும் முறை பற்றி கேட்டறிந்தார்
"suggested him to apply fertilizer in recommended dose like urea-600gm,ssp-1kg,mop-700gm,borax-25gm twice in a year(march/april and september/october)followed by trench method and also suggested him to spray planofix@1teaspoonful per20-25 liter of water.","யூரியா-600gm, ssp-1kg, mop-700gm, borax-25gm போன்ற பரிந்துரைக்கப்பட்ட அளவு உரங்களை வருடத்திற்கு இரண்டு முறை (மார்ச்/ஏப்ரல் மற்றும் செப்டம்பர்/அக்டோபர்) ட்ரெஞ்ச் முறையைப் பின்பற்றி, 20-25 லிட்டர் தண்ணீருக்கு பிளானோஃபிக்ஸ் @ 1 டீஸ்பூன் தெளிக்குமாறு அவருக்கு பரிந்துரைத்தார்."
asking about how to avail kisan credit card loan for sali crop.,சாலி பயிருக்கு கிசான் கிரெடிட் கார்டு கடனை எப்படிப் பெறுவது என்று கேட்கிறார்.
"suggested to consult with officer-marketing and recovery (rural),sbi local branch for details.","விவரங்களுக்கு அதிகாரி-சந்தைப்படுத்தல் மற்றும் மீட்பு (கிராமப்புற), எஸ்பிஐ உள்ளூர் கிளையுடன் கலந்தாலோசிக்க பரிந்துரைக்கப்படுகிறது."
asking about source of early ahu rice variety,ஆரம்பகால அஹு அரிசி வகையின் ஆதாரம் பற்றி கேட்டேன்
"suggested to take early ahu rice variety from atic,jorhat,aau campus through parcel or direct taking.","ஆரம்பகால அஹு அரிசி வகைகளை அட்டிக், ஜோர்ஹாட், ஆவ் வளாகத்தில் இருந்து பார்சல் அல்லது நேரடியாக எடுத்துச் செல்ல பரிந்துரைக்கப்படுகிறது."
asking that he has not got proper friut from his coconut plant,தென்னைச் செடியில் சரியான காய் கிடைக்கவில்லை என்று கேட்டார்
"suggested him to aplly recommended fertilizer dose-urea@1.5 kg,ssp@2.5kg,mop@1.75 kg,borax@25 gm./plant/year in trench method.","பரிந்துரைக்கப்பட்ட உர அளவு-யூரியா@1.5 கிலோ, எஸ்எஸ்பி@2.5 கிலோ, மாப்@1.75 கிலோ, போராக்ஸ்@25 கிராம்./ஆண்டுக்கு அகழி முறையில் பயன்படுத்த பரிந்துரைக்கப்பட்டது."
asking about induced breeding of fishes,மீன்களின் தூண்டப்பட்ட இனப்பெருக்கம் பற்றி கேட்கிறது
given details about induced breeding of fishes.,மீன்களின் தூண்டப்பட்ட இனப்பெருக்கம் பற்றிய விவரங்கள் கொடுக்கப்பட்டுள்ளன.
asking about training for preparation of biomanure,உயிர் உரம் தயாரிப்பதற்கான பயிற்சி குறித்து கேட்டறிந்தார்
"suggested to approach district agricultural officer  or atic,jorhat,ph (0376)2310240","மாவட்ட வேளாண் அதிகாரி அல்லது அட்டிக், ஜோர்ஹாட், பிஎச் (0376)2310240 ஐ அணுகுமாறு பரிந்துரைக்கப்படுகிறது."
asking about treatment of low production of milk in cow,பசுவில் குறைந்த பால் உற்பத்திக்கான சிகிச்சை குறித்து கேட்டறிந்தார்
"suggested to provide mineral mixture like ranmix total, milkmin, gwala etc at recommanded dose along with feed.also, suggested to feed high protienous green fodder like cowpea, berseem, lucern etc.","ரான்மிக்ஸ் டோட்டல், மில்க்மின், குவாலா போன்ற கனிம கலவையை பரிந்துரைக்கப்பட்ட அளவில் தீவனத்துடன் வழங்கவும் பரிந்துரைக்கப்பட்டது. மேலும், கௌபீயா, பெர்சீம், லூசர்ன் போன்ற அதிக புரதச்சத்து கொண்ட பசுந்தீவனங்களை அளிக்கவும் பரிந்துரைக்கப்பட்டது."
asking about the premature fruit dropping of coconut.,தேங்காய் பழம் குறைவதைப் பற்றி கேட்டேன்.
suggested to apply bordeaux mixture. apply borax @ 50 gm/plant per year along with urea & ssp.,போர்டாக்ஸ் கலவையைப் பயன்படுத்த பரிந்துரைக்கப்படுகிறது. ஆண்டுக்கு 50 கிராம்/செடிக்கு போராக்ஸை யூரியா மற்றும் எஸ்எஸ்பியுடன் சேர்த்து இடவும்.
asking  about  preservatives  of  tomato squash.,தக்காளி ஸ்குவாஷின் பாதுகாப்புகள் பற்றி கேட்டேன்.
suggested  preservatives  are: 1. benjoic acid &  2.  sulphar  dioxide . these chemicals re used to preserve for severel weeks.,பரிந்துரைக்கப்பட்ட பாதுகாப்புகள்: 1. பென்ஜோயிக் அமிலம் & 2. சல்பார் டை ஆக்சைடு. இந்த இரசாயனங்கள் கடுமையான வாரங்களுக்கு பாதுகாக்க பயன்படுத்தப்படுகின்றன.
asking about a pre emergence weedicide for rice,அரிசிக்கு முன் தோன்றிய களைக்கொல்லி பற்றி கேட்டேன்
suggested herbicide- butachlor ( machete ) which is a  pre-emergence weedicide.,பரிந்துரைக்கப்பட்ட களைக்கொல்லி- பியூட்டக்லர் (மச்சீட்) இது வெளிப்படுவதற்கு முந்தைய களைக்கொல்லி.
asking about the control measures for damping off infestation on biter gourd crops.,பாகற்காய் பயிர்களில் தாக்குதலை தணிப்பதற்கான கட்டுப்பாடு நடவடிக்கைகள் குறித்து கேட்டறிந்தார்.
suggested to apply dithane m- 45 @ 2-3ml/litre of water and also to check irrigation water supply in the field.,dithane m- 45 @ 2-3ml/liter தண்ணீர் மற்றும் வயலில் பாசன நீர் வழங்கலை சரிபார்க்கவும் பரிந்துரைக்கப்படுகிறது.
asking about culture of chitala along with carps.,கெண்டை மீன்களுடன் சிட்டாலாவின் கலாச்சாரம் பற்றி கேட்கிறது.
"suggested that he should go for the single species culture in one pond or he can culture some other species along with chitala, but in the second case, size of other species should be larger than chitala .","அவர் ஒரு குளத்தில் ஒற்றை இன கலாச்சாரத்திற்கு செல்ல வேண்டும் அல்லது அவர் சிட்டாலாவுடன் வேறு சில இனங்களை வளர்க்கலாம் என்று பரிந்துரைத்தார், ஆனால் இரண்டாவது வழக்கில், மற்ற இனங்களின் அளவு சிட்டாலை விட பெரியதாக இருக்க வேண்டும்."
asking about the suitable varieties for transplanted early ahu crops.,நடவு செய்யப்பட்ட ஆரம்பகால அஹு பயிர்களுக்கு ஏற்ற வகைகளைப் பற்றி கேட்டறிந்தார்.
"suggested suitable early ahu varieties are as saket-4, ir-50, govind, ir-36, cauvery, krishna, jaya, ir-8, luit, kopilee.","சாகேத்-4, ஐஆர்-50, கோவிந்த், ஐஆர்-36, காவேரி, கிருஷ்ணா, ஜெயா, ஐஆர்-8, லூயிட், கோபிலீ போன்ற ஆரம்பகால அஹு வகைகள் பரிந்துரைக்கப்படுகின்றன."
asking about the fym or compost requirement in blackgram crops/bigha,உளுந்து பயிர்கள்/பிக்ஹாவில் தொழு உரம் அல்லது உரம் தேவை பற்றி கேட்கிறது
"suggested fym or compost requirement for blackgram crops as 6 quintql/bigha, this not only adds fertility but also improves soil structures.","உளுந்து பயிர்களுக்கு 6 குவின்ட்கியூலி/பிக்ஹா என பரிந்துரைக்கப்பட்ட உரம் அல்லது உரம் தேவை, இது வளத்தை சேர்ப்பது மட்டுமல்லாமல் மண்ணின் அமைப்புகளையும் மேம்படுத்துகிறது."
asking about availibility of quail  birds for commercial purpose,வணிக நோக்கத்திற்காக காடை பறவைகள் கிடைப்பது குறித்து கேட்டனர்
"suggested to contact with  central agricultural university , mizoram for availibility of quail  birds",காடை பறவைகள் கிடைப்பதற்கு மிசோரமில் உள்ள மத்திய வேளாண் பல்கலைகழகத்தை தொடர்பு கொள்ள பரிந்துரைக்கப்பட்டது
asking about the control measures to be taken on bacterial wilt in brinjal crops.,கத்தரிக்காய் பயிர்களில் பாக்டீரியல் வாடுவதை கட்டுப்படுத்தும் நடவடிக்கைகள் குறித்து கேட்டறிந்தார்.
suggested to apply 100 ppm agromycine or streptomycine twice in a week and also to avoid water stagnation in the field.,"100 பிபிஎம் அக்ரோமைசின் அல்லது ஸ்ட்ரெப்டோமைசின் வாரத்திற்கு இரண்டு முறை பயன்படுத்தவும், மேலும் வயலில் தண்ணீர் தேங்காமல் இருக்கவும் பரிந்துரைக்கப்படுகிறது."
asking about an n.g.o which is doing watershed project,நீர்நிலைத் திட்டத்தைச் செய்யும் ஒரு என்.ஜி.ஓ. பற்றிக் கேட்கிறது
suggested to contact deshbandhu club which is situated in cachar district,கச்சார் மாவட்டத்தில் அமைந்துள்ள தேஷ்பந்து கிளப்பைத் தொடர்பு கொள்ள பரிந்துரைக்கப்பட்டது
asking about the how to take control measures of flower and fruit dropping on aonla fruits trees,அயோன்லா பழ மரங்களில் பூ மற்றும் பழங்கள் உதிர்வதை கட்டுப்படுத்தும் வழிமுறைகள் குறித்து கேட்டறிந்தார்
suggested to either spray planofix @ 1ml/4litre of water or apply borax @ 200 g/plant at the base of the tree by making ring .,பிளானோஃபிக்ஸ் @ 1 மில்லி / 4 லிட்டர் தண்ணீரில் தெளிக்க அல்லது மரத்தின் அடிப்பகுதியில் போராக்ஸ் @ 200 கிராம் / செடியை மோதிரத்தை உருவாக்குவதன் மூலம் தெளிக்க பரிந்துரைக்கப்படுகிறது.
asking about with what chemical seed treatment of maize should be done against seed borne  diseases attack.,விதை மூலம் பரவும் நோய் தாக்குதலுக்கு எதிராக மக்காச்சோளத்திற்கு என்ன ரசாயன விதை நேர்த்தி செய்ய வேண்டும் என்று கேட்டனர்.
suggested that the seeds of maize should be treated with  bavistin @ 2 g/ kg of seeds or captaf @ 2- 2.5 g /kg of seeds before or after sowing.,மக்காச்சோளத்தின் விதைகளை விதைப்பதற்கு முன் அல்லது பின் விதைகளுக்கு 2 கிராம்/கிலோ விதைகள் அல்லது கேப்டாஃப் @ 2- 2.5 கிராம்/கிலோ விதைகளுடன் பாவிஸ்டின் கொண்டு நேர்த்தி செய்ய வேண்டும்.
asking about precautionary measure for preventing disease of fish.,மீன் நோய் வராமல் தடுப்பதற்கான முன்னெச்சரிக்கை நடவடிக்கைகள் குறித்து கேட்டறிந்தார்.
suggested to apply lime @ 1000 kg/ hac/yr. one third of the required dose is to be applied  at the time of pond preparation & the remaining portion is to be applied in equal monthly installment. he is also suggested to maintain the water quality properly.,சுண்ணாம்பு @ 1000 கிலோ / ஹேக் / வருடத்திற்கு விண்ணப்பிக்க பரிந்துரைக்கப்படுகிறது. தேவையான அளவுகளில் மூன்றில் ஒரு பங்கு குளம் தயாரிக்கும் போது பயன்படுத்தப்பட வேண்டும் மற்றும் மீதமுள்ள பகுதி சமமான மாத தவணையாக பயன்படுத்தப்பட வேண்டும். நீரின் தரத்தை முறையாக பராமரிக்கவும் அவர் பரிந்துரைக்கப்பட்டார்.
asking about the remedial measures for fruit droping problem in chayote crops.,சாயோட் பயிர்களில் பழம் உதிர்தல் பிரச்சனைக்கான தீர்வு நடவடிக்கைகள் குறித்து கேட்டறிந்தார்.
suggested him to apply cow dung manure @7kg/plant at the base of the plant and spray planofix @2ml/litre of water at 15 days interval.,"செடியின் அடிப்பகுதியில் பசுவின் சாணம் உரத்தை 7 கிலோ/செடிக்கு இடவும், 15 நாட்கள் இடைவெளியில் பிளானோஃபிக்ஸ் @2 மில்லி/லிட்டர் தண்ணீரில் தெளிக்கவும்."
asking about the sowing season of pumkin crops.,பூசணி பயிர்களின் விதைப்பு காலம் பற்றி கேட்டறிந்தார்.
suggested him that pumkin can be grown in two season i.e january to april for summer hervest and september to november for spring hervest.,"பூசணிக்காயை இரண்டு பருவங்களில் அதாவது ஜனவரி முதல் ஏப்ரல் வரை கோடை காலத்திலும், செப்டம்பர் முதல் நவம்பர் வரை வசந்த காலத்திலும் வளர்க்கலாம் என்று அவர் பரிந்துரைத்தார்."
asking about the remedial measures of cutworm infestation in bittergourd crops.,பாகற்காய் பயிர்களில் வெட்டுப்புழு தாக்குதலுக்கு தீர்வு காணும் நடவடிக்கைகள் குறித்து கேட்டறிந்தார்.
suggested him to apply malathion 5%dust @2 g/plant in case of soil application.also suggested him to keep the crops field weeds free to further arrest the pest infestation.,மண்ணைப் பயன்படுத்தும்போது மாலத்தியான் 5% தூசி @ 2 கிராம்/செடிக்கு இட வேண்டும் என்று அவருக்குப் பரிந்துரைத்தார். மேலும் பூச்சித் தாக்குதலைத் தடுக்க பயிர்களின் வயல்களில் களைகள் இல்லாமல் இருக்குமாறு அவருக்குப் பரிந்துரைத்தார்.
asking about fertilizer dose of coconut ( 7 years old ),தென்னையின் உர அளவைப் பற்றி கேட்பது (7 வயது)
"suggested to apply 1500 g urea, 2500 g ssp and 1750 g mop per plant along with  50 g borax.","ஒரு செடிக்கு 1500 கிராம் யூரியா, 2500 கிராம் எஸ்எஸ்பி மற்றும் 1750 கிராம் துடைப்பம் மற்றும் 50 கிராம் போராக்ஸ் ஆகியவற்றைப் பயன்படுத்த பரிந்துரைக்கப்படுகிறது."
asked about koleroga disease of arecanut,பாற்கடலின் கொலரோகா நோய் பற்றி கேட்டார்
suggested to apply bordeaux mixture,போர்டாக்ஸ் கலவையைப் பயன்படுத்த பரிந்துரைக்கப்படுகிறது
asked about control of papaya leaf curl,பப்பாளி இலை சுருட்டை கட்டுப்படுத்துவது குறித்து கேட்டனர்
suggested to apply rogor@1 ml/litre of water,ரோகோர்@1 மில்லி/லிட்டர் தண்ணீருக்கு பயன்படுத்த பரிந்துரைக்கப்படுகிறது
asking about fertilizer dose and spacing of papaya.,பப்பாளியின் உர அளவு மற்றும் இடைவெளி பற்றி கேட்டறிந்தார்.
"suggested to apply 250 gm urea ,700 gm ssp and 200 gm mop and 5 kg fym.spacing 2mt*2mt.","250 கிராம் யூரியா, 700 கிராம் எஸ்.எஸ்.பி மற்றும் 200 கிராம் துடைப்பான் மற்றும் 5 கிலோ ஃபிம். இடைவெளி 2மி.*2மி.டி."
asking for the fertiliser dose and its method of application of bottle gourd for a land of 1 bigha.,உர அளவு மற்றும் 1 பிகா நிலத்திற்கு குப்பி பூசணியைப் பயன்படுத்துவதற்கான முறையைக் கேட்கிறது.
"suggested to apply 8 kg of urea,46 kg of single super,24 kg of potash along with 300 kg of fym as basal dressing for a land of 1 bigha. 4 kg 0f urea to be top dressed at flowering stage and again 4 kg 0f urea to be top dressed at fruit set.","1 பிகா நிலத்திற்கு 8 கிலோ யூரியா, 46 கிலோ சிங்கிள் சூப்பர், 24 கிலோ பொட்டாஷ் மற்றும் 300 கிலோ ஃபிம் ஆகியவற்றை அடியுரமாக இட வேண்டும். 4 கிலோ 0f யூரியாவை பூக்கும் நிலையிலும், மீண்டும் 4 கிலோ 0f யூரியாவை காய்கள் அமைக்கும்போதும் மேல் உடுத்த வேண்டும்."
asked about control of beetle in ridge gourd,முருங்கைக்காயில் வண்டு கட்டுப்படுத்துவது குறித்து கேட்டனர்
suggested to apply malathion 50 ec @1 ml/2.5 litres water + molasses @10 gm /litre water,மாலத்தியான் 50 இசி @1 மிலி/2.5 லிட்டர் தண்ணீர் + வெல்லப்பாகு @10 கிராம்/லிட்டர் தண்ணீர்
asked about control of khaira disease in rice,அரிசியில் உள்ள கைரா நோயைக் கட்டுப்படுத்துவது குறித்து கேட்டறிந்தார்
suggested to apply znso4 (5 kg) and lime (2.5 kg) in 1000 litres water after 10 days of sowing,விதைத்த 10 நாட்களுக்குப் பிறகு 1000 லிட்டர் தண்ணீரில் znso4 (5 கிலோ) மற்றும் சுண்ணாம்பு (2.5 கிலோ) இடுவதற்கு பரிந்துரைக்கப்படுகிறது.
asking about age of castration in goat.,ஆட்டின் காஸ்ட்ரேஷன் வயதைக் கேட்கிறது.
suggested to castrat within 1-1and 1/2 months.,1-1 மற்றும் 1/2 மாதங்களுக்குள் காஸ்ட்ராட் செய்ய பரிந்துரைக்கப்படுகிறது.
asking about some early variety of cauliflower,சில ஆரம்ப வகை காலிஃபிளவர் பற்றி கேட்டேன்
"early kuwari,pusa deepali","ஆரம்ப குவாரி, பூசா தீபாலி"
asked for the fertilizer dose of sali rice semi dwarf var,சாலி அரிசி அரை குள்ள வர் என்ற உர அளவைக் கேட்டார்
suggested to apply 6kg urea 18 kg ssp and 4kg mop during final land preparation and 6 kg urea during flower initiation,இறுதி நிலத்தை தயாரிக்கும் போது 6 கிலோ யூரியா 18 கிலோ எஸ்எஸ்பி மற்றும் 4 கிலோ துடைப்பம் மற்றும் பூ துவக்கத்தின் போது 6 கிலோ யூரியா பயன்படுத்த பரிந்துரைக்கப்படுகிறது.
asking about treatment of caugh in goat.,ஆடு கசிவு சிகிச்சை பற்றி கேட்டேன்.
suggested to adminster cflon powder @20gm thrice daily by mixing with gur.,cflon தூள் @20gm தினமும் மூன்று முறை குர் உடன் கலந்து கொடுக்க பரிந்துரைக்கப்படுகிறது.
asked about the suitable variety of brinjal for assam condition,அஸ்ஸாம் நிலைக்கு ஏற்ற கத்தரி வகை பற்றி கேட்டார்
"suggested to use following varieties, pusa purple kranti, pusa purple long, pusa purple cluster, borbengena etc","பின்வரும் வகைகளைப் பயன்படுத்த பரிந்துரைக்கப்படுகிறது, பூசா ஊதா கிராந்தி, பூசா ஊதா நீளம், பூசா ஊதா கொத்து, போர்பெங்கேனா போன்றவை"
asking about the package of practices for brinjal.,கத்தரிக்காய்க்கான நடைமுறைகளின் தொகுப்பு பற்றி கேட்கிறது.
explained about the package of practices for brinjal.,கத்தரிக்காய்க்கான நடைமுறைகளின் தொகுப்பு பற்றி விளக்கினார்.
asking for the control measure of fruit rot in coconut.,தென்னையில் பழ அழுகலை கட்டுப்படுத்த நடவடிக்கை எடுக்க வேண்டும்.
suggested mr.majumder to apply bordeaux mixture @ 1% i.e 10ltrs. in trench system around the plant to get rid off this disease.,mr.majumder போர்டாக்ஸ் கலவையை @ 1% அதாவது 10 லிட்டர்கள் பயன்படுத்த பரிந்துரைத்தார். இந்த நோயிலிருந்து விடுபட ஆலையைச் சுற்றி அகழி அமைப்பில்.
asking about the post flood variety of paddy.,வெள்ளத்திற்குப் பிந்தைய நெல் ரகத்தைப் பற்றி கேட்டேன்.
suggested to collect luit or kapili variety of paddy.,லூயிட் அல்லது கபிலி நெல் வகைகளை சேகரிக்க பரிந்துரைக்கப்பட்டது.
asking about kisan credit card.,கிசான் கிரெடிட் கார்டு பற்றி கேட்கிறேன்.
explained details about kisan credit card and suggested him to approach nearest nationalised bank.,"கிசான் கிரெடிட் கார்டு பற்றிய விவரங்களை விளக்கி, அருகில் உள்ள தேசியமயமாக்கப்பட்ட வங்கியை அணுகுமாறு அவருக்கு பரிந்துரைத்தார்."
asked about te controlmeasure of cutworm in bottle gourd,குப்பி பூசணிக்காயில் வெட்டுப்புழுவைக் கட்டுப்படுத்தும் நடவடிக்கை பற்றிக் கேட்டனர்
suggested to incorporate malathion 5% dust in the soil around the plant,செடியைச் சுற்றியுள்ள மண்ணில் மாலத்தியான் 5% தூசியைச் சேர்க்க பரிந்துரைக்கப்படுகிறது
asking about the the remedial measures for browning of leaves tip in cucumber crops.,வெள்ளரி பயிர்களில் இலைகளின் நுனி பழுப்பு நிறமாக மாறுவதற்கான தீர்வு நடவடிக்கைகள் பற்றி கேட்டறிந்தார்.
suggested him to broadcast urea fertilizer@ 15 kg/bigha followed with light watering and loosening oe soil.,யூரியா உரத்தை @ 15 கிலோ/பிக்ஹா தொடர்ந்து லேசான நீர்ப்பாசனம் மற்றும் மண்ணைத் தளர்த்தவும் அவருக்குப் பரிந்துரைக்கப்பட்டது.
asking about the cultivation practice of potato.,உருளைக்கிழங்கு சாகுபடி நடைமுறை பற்றி கேட்டறிந்தார்.
explained in details about the cultivation practice of potato.,உருளைக்கிழங்கு சாகுபடி முறை பற்றி விரிவாக விளக்கினார்.
asking about the control measure of control measure of downy mildew in pumkin.,பூசணிக்காயில் பூஞ்சை காளான் கட்டுப்பாட்டு அளவீட்டின் கட்டுப்பாட்டு அளவைப் பற்றி கேட்கிறது.
suggested to apply indofil m 45 @ 2gms/liter at 12 days interval as folliar spray.,இந்தோஃபில் மீ 45 @ 2 கிராம்/லிட்டருக்கு 12 நாட்கள் இடைவெளியில் ஃபோலியார் ஸ்ப்ரேயாகப் பயன்படுத்த பரிந்துரைக்கப்படுகிறது.
asking about treatment of bloat.in cow.,bloat.in பசுவின் சிகிச்சை பற்றி கேட்கிறேன்.
suggested to administer rumen bolus @2bolustwice daily for 3days.,3 நாட்களுக்கு தினமும் 2bolustwice rumen bolus ஐ நிர்வகிக்க பரிந்துரைக்கப்படுகிறது.
asked about the cultivation practice of bitter gourd,பாகற்காய் சாகுபடி முறை குறித்து கேட்டறிந்தார்
"answered in detail about varieties,seed rate, fertilizer dose etc","ரகங்கள், விதை விகிதம், உர அளவு போன்றவை பற்றி விரிவாக பதிலளித்தார்"
asking about the fungal disease of pineapple,அன்னாசிப்பழத்தின் பூஞ்சை நோய் பற்றி கேட்டேன்
spray mancozeb@2gm/lt of water,மான்கோசெப்@2 கிராம்/லி தண்ணீர் தெளிக்கவும்
asking for the fertiser dose of french bean.,பிரஞ்சு பீனின் உர அளவைக் கேட்கிறது.
"suggested mr.hajam to apply 8kg of urea,33kg of ssp,14kg of mop along with 300kg of fym.this fertiliser dose suggested is for 1 bigha of land.","ஹாஜாம் 8 கிலோ யூரியா, 33 கிலோ எஸ்எஸ்பி, 14 கிலோ துடைப்பம் மற்றும் 300 கிலோ ஃபைம் ஆகியவற்றைப் பயன்படுத்த பரிந்துரைத்தார். இந்த உர அளவு 1 பிகா நிலத்திற்கு பரிந்துரைக்கப்படுகிறது."
asking the control measure for bacterial wilt in potato.,உருளைக்கிழங்கில் பாக்டீரியல் வாடுவதற்கான கட்டுப்பாட்டு நடவடிக்கையைக் கேட்கிறது.
"suggested mr.koiri to drench the soil at the base of the plant with 100ppm of streptomycin. also suggested to apply a mixture of 1 gram asafoetida along with 5 gram of turmeric powder in 10 litres of water and to drench the soil 3 times at an interval of 15,30 and 45 days after transplanting.","mr.koiri 100ppm ஸ்ட்ரெப்டோமைசின் கொண்டு செடியின் அடிப்பகுதியில் மண்ணை நனைக்க பரிந்துரைத்தார். மேலும் 1 கிராம் சாதத்துடன் 5 கிராம் மஞ்சள் தூள் கலவையை 10 லிட்டர் தண்ணீரில் தடவவும், நடவு செய்த 15,30 மற்றும் 45 நாட்கள் இடைவெளியில் 3 முறை மண்ணை நனைக்கவும் பரிந்துரைக்கப்படுகிறது."
asking the procedure of seed treatment in potato.,உருளைக்கிழங்கில் விதை நேர்த்தி செய்யும் செயல்முறையை கேட்கிறது.
"suggested mr.koiri to cut into pieces longitudinally,the bigger sized tubers having 2-3 eyes in each piece and then to dip the cut pieces in mancozeb @ 5 gram in 1 litre of water for about 10 mins. after that ,the seeds are to be spread thinly and dried under shade for 48 hours or should be covered with moist gunny bags for 2-3 days for suberization.","mr.koiri ஒவ்வொரு துண்டிலும் 2-3 கண்கள் கொண்ட பெரிய அளவிலான கிழங்குகளை நீளவாக்கில் துண்டுகளாக வெட்டவும், பின்னர் வெட்டப்பட்ட துண்டுகளை 5 கிராம் மான்கோசெப்பில் 1 லிட்டர் தண்ணீரில் சுமார் 10 நிமிடங்களுக்கு நனைக்கவும். அதன் பிறகு, விதைகளை மெல்லியதாக பரப்பி 48 மணி நேரம் நிழலில் உலர்த்த வேண்டும் அல்லது 2-3 நாட்களுக்கு ஈரமான கன்னி பைகளால் மூடி வைக்க வேண்டும்."
asking about some variety name of potato,உருளைக்கிழங்கின் சில வகையான பெயர்களைக் கேட்டேன்
"suggested in details regarding variety like-khufri jyoti,khufri sindhuri,khufri megha","குஃப்ரி ஜோதி, குஃப்ரி சிந்துரி, குஃப்ரி மேகா போன்ற வகைகளைப் பற்றிய விவரங்களில் பரிந்துரைக்கப்பட்டது"
asking about the seed treatment of potato.,உருளைக்கிழங்கு விதை நேர்த்தி பற்றி கேட்டேன்.
suggested to treat the seeds in a 0.1% captaf for 24 hrs. and dry the srreds in shade.,விதைகளை 24 மணிநேரத்திற்கு 0.1% கேப்டாப்பில் சிகிச்சை செய்ய பரிந்துரைக்கப்படுகிறது. மற்றும் srreds நிழலில் உலர்த்தவும்.
asking about treatment of diarrhoea in cow.,பசுவின் வயிற்றுப்போக்கு சிகிச்சை பற்றி கேட்டேன்.
suggested to administer neblon powder @50gm twice daily for 5days.,நெப்லான் பவுடர் @50gm தினமும் இரண்டு முறை 5 நாட்களுக்கு கொடுக்க பரிந்துரைக்கப்படுகிறது.
asking that how to get crop loan from bank,வங்கியில் பயிர்க்கடன் பெறுவது எப்படி என்று கேட்டார்
suggested to contact with any nationalized bank and marketing and recovery officer located in his area,தேசியமயமாக்கப்பட்ட வங்கி மற்றும் அவரது பகுதியில் அமைந்துள்ள சந்தைப்படுத்தல் மற்றும் மீட்பு அலுவலரை தொடர்பு கொள்ளுமாறு பரிந்துரைத்தார்
asking about the recommended fertilizer dose for cabbage cultivation,முட்டைக்கோஸ் சாகுபடிக்கு பரிந்துரைக்கப்பட்ட உரத்தின் அளவைக் கேட்டறிந்தார்
"suggested to apply urea@25kg/bigha,ssp@41kg/bigha,mop@13kg/bigha and fym@2 quintle/bigha","யூரியா @25கிலோ/பிக்ஹா,எஸ்எஸ்பி@41கிகி/பிக்ஹா,மாப்@13கிகி/பிக்ஹா மற்றும் ஃபிம்@2 குவிண்டில்/பிக்ஹா ஆகியவற்றைப் பயன்படுத்த பரிந்துரைக்கப்படுகிறது."
asking about the recommended fertilizer dose for cabbage/bigha,முட்டைக்கோஸ்/பிகாவிற்கு பரிந்துரைக்கப்பட்ட உரத்தின் அளவைப் பற்றி கேட்கப்பட்டது
asking about the control measure to control late blight disease infestation in potato,உருளைக்கிழங்கில் தாமதமான ப்ளைட் நோய்த் தாக்குதலைக் கட்டுப்படுத்துவதற்கான கட்டுப்பாட்டு நடவடிக்கை பற்றி கேட்டறிந்தார்
suggested to apply dithane m-45@2gram/liter of water alternating with ridomil mz-72@2gram/liter of water at 7-10 days interval for 3-4 times,டித்தேன் எம்-45@2கிராம்/லிட்டர் தண்ணீரை ரிடோமில் எம்இசட்-72@2கிராம்/லிட்டர் தண்ணீருடன் 7-10 நாட்கள் இடைவெளியில் 3-4 முறை பயன்படுத்த பரிந்துரைக்கப்படுகிறது.
asking for some good varieties of boro rice along with the time of planting which is best suited for his zone.,நடவு செய்யும் நேரத்துடன் தனது மண்டலத்திற்கு மிகவும் பொருத்தமான போரோ அரிசியின் சில நல்ல ரகங்களைக் கேட்கிறார்.
"suggested the following: boro-1,boro-2,culture-1,krishna,ir-50,cauvery,banglami,bishnuprasad and jyotiprasad. these suggested varieties are best suited for his barak valley zone from where he belongs and all these varieties can be planted in december/january.","பின்வருவனவற்றைப் பரிந்துரைத்தார்: போரோ-1, போரோ-2, கலாச்சாரம்-1, கிருஷ்ணா, ஐஆர்-50, காவிரி, வங்காளமி, பிஷ்ணுபிரசாத் மற்றும் ஜோதிபிரசாத். இந்த பரிந்துரைக்கப்பட்ட ரகங்கள் அவர் சார்ந்திருக்கும் பராக் பள்ளத்தாக்கு மண்டலத்திற்கு மிகவும் பொருத்தமானது மற்றும் இந்த வகைகள் அனைத்தையும் டிசம்பர்/ஜனவரி மாதங்களில் நடலாம்."
asking about the control measure of late blight of potato.,உருளைக்கிழங்கின் தாமதமான ப்ளைட்டின் கட்டுப்பாட்டு நடவடிக்கை பற்றி கேட்கிறது.
suggested to apply indofil m-45@2.5ml/lit of water or ridomil mz-72@2ml/lit of water.,indofil m-45@2.5ml/lit water அல்லது ridomil mz-72@2ml/lit தண்ணீருக்குப் பயன்படுத்த பரிந்துரைக்கப்படுகிறது.
asking about the fertilizer dose of cauliflower.,காலிஃபிளவரின் உரத்தின் அளவைப் பற்றி கேட்கிறார்.
"advised to apply recommended fertilizer dose like:urea@23 kilogram/bigha,ssp@50kilogram/bigha,mop@11 kilogram/bigha,compost@2 quintle/bigha,and borax@25 gram",பரிந்துரைக்கப்பட்ட உரத்தின் அளவைப் பயன்படுத்த அறிவுறுத்தப்படுகிறது
asking the preventive measure against late blight disease of potato.,உருளைக்கிழங்கின் தாமதமான ப்ளைட் நோய்க்கு எதிரான தடுப்பு நடவடிக்கையைக் கேட்கிறது.
advised to spray indofil m 45  @ 2.5 gram per lire of water at an interval of 7 days to get rid off this disease.,இந்நோயில் இருந்து விடுபட 7 நாட்கள் இடைவெளியில் ஒரு லிட்டர் தண்ணீருக்கு இன்டோஃபில் எம் 45 @ 2.5 கிராம் தெளிக்க அறிவுறுத்தப்படுகிறது.
asking about the control measure of rotting becaouse of excess irrigation,அதிகப்படியான நீர்ப்பாசனம் காரணமாக அழுகும் கட்டுப்பாட்டு நடவடிக்கை பற்றி கேட்கிறது
suggested to apply blitox @ 2gm per lit of water followed by a spray of borax and molibdenum,பிளிடாக்ஸ் @ 2 கிராம் ஒரு லிட்டர் தண்ணீருக்குப் பிறகு போராக்ஸ் மற்றும் மாலிப்டினம் தெளிக்க பரிந்துரைக்கப்படுகிறது.
asking about the control measure to control late blight disease of potato,உருளைக்கிழங்கின் தாமதமான ப்ளைட் நோயைக் கட்டுப்படுத்துவதற்கான கட்டுப்பாட்டு நடவடிக்கை பற்றி கேட்டறிந்தார்
advised  to apply dithane m-45@2.5 gram/litre of water alternating with ridomil mz-72@2gram/liter of water at 7-10 days interval.,டித்தேன் m-45@2.5 கிராம்/லிட்டர் தண்ணீருடன் ரிடோமில் mz-72@2கிராம்/லிட்டர் தண்ணீருடன் 7-10 நாட்கள் இடைவெளியில் பயன்படுத்த அறிவுறுத்தப்படுகிறது.
asking for the control measure against leaf blight of coconut tree which is affecting his 5 numbers of coconut trees.,தனது 5 எண்ணிக்கையிலான தென்னை மரங்களை பாதிக்கும் தென்னை மரத்தின் இலை கருகல் நோயை கட்டுப்படுத்த நடவடிக்கை எடுக்குமாறு கேட்டுக் கொண்டார்.
suggested to spray bordeaux mixture @ 1% per plant and to remove the old and affected leaves.,"ஒரு செடிக்கு 1% போர்டாக்ஸ் கலவையை தெளிக்கவும், பழைய மற்றும் பாதிக்கப்பட்ட இலைகளை அகற்றவும் பரிந்துரைக்கப்படுகிறது."
asking about some recommended planting materials of tea,தேயிலையின் பரிந்துரைக்கப்பட்ட சில நடவுப் பொருட்களைப் பற்றி கேட்டறிந்தார்
"advised to plant recommended planting materials like:(a)clone-tv1,tv18,tv20,tv21,tv22,tv23,tv24,pl26a and (b)seed-ts450,ts462,ts464,betajan jat.","பரிந்துரைக்கப்பட்ட நடவுப் பொருட்களை நடவு செய்ய அறிவுறுத்தப்பட்டது:(a)clone-tv1,tv18,tv20,tv21,tv22,tv23,tv24,pl26a மற்றும் (b)seed-ts450,ts462,ts464,betajan jat."
asking the control measure of bacterial wilt in his potato cultivation.,அவரது உருளைக்கிழங்கு சாகுபடியில் பாக்டீரியா வாடுவதைக் கட்டுப்படுத்தும் அளவைக் கேட்டார்.
"suggested to apply streptomycin @ 1 gram per litre of water and to drench the soil around the plant with 1 gram of asafoetida along with 5 gram of turmeric powder by mixing in 10 litres of water.also advised that whenever he goes for his next cultivation of potato, to apply 12 gram of bleaching powder per hectare during final land preparation.","ஒரு லிட்டர் தண்ணீருக்கு ஸ்ட்ரெப்டோமைசின் @ 1 கிராம் மற்றும் செடியைச் சுற்றியுள்ள மண்ணில் 1 கிராம் சாதத்துடன் 5 கிராம் மஞ்சள் தூள் சேர்த்து 10 லிட்டர் தண்ணீரில் கலந்து நனைக்க பரிந்துரைக்கப்படுகிறது. மேலும் அவர் தனது அடுத்த சாகுபடிக்கு செல்லும் போதெல்லாம், 12 கிராம் பிளீச்சிங் பவுடரை நிலத்திற்குத் தயாரிக்கவும் அறிவுறுத்தினார்."
asking about the control measure to control late blight disease infestation in potato cultivation.,உருளைக்கிழங்கு சாகுபடியில் தாமதமான ப்ளைட் நோய்த் தாக்குதலைக் கட்டுப்படுத்துவதற்கான கட்டுப்பாட்டு நடவடிக்கை குறித்து கேட்டறிந்தார்.
suggested to apply dithane m-45@2.5 gram/liter of water alternating with ridomil mz-72@2gram/liter of water at 7-10 days interval,டித்தேன் m-45@2.5 கிராம்/லிட்டர் தண்ணீரை ரிடோமில் mz-72@2 கிராம்/லிட்டர் தண்ணீருடன் 7-10 நாட்கள் இடைவெளியில் பயன்படுத்த பரிந்துரைக்கப்படுகிறது.
asking about treatment of babesiosis of cow.,பசுவின் பேபிசியாசிஸ் சிகிச்சை பற்றி கேட்டேன்.
"suggested to administer berenil inj @1.6gram per 100kg body weight in 5ml distilled water  per 0.8gram of granule,by deep intramuscular route.repeat the dose after 1week.",0.8 கிராம் கிரானுலுக்கு 5 மிலி காய்ச்சி வடிகட்டிய நீரில் 100 கிலோ உடல் எடையில் பெரெனில் இன்ஜ் @1.6 கிராம் ஆழமான தசைநார் வழியின் மூலம் பரிந்துரைக்கப்படுகிறது. 1 வாரத்திற்குப் பிறகு அளவை மீண்டும் செய்யவும்.
asking about the method to ripen the tomato fruit before normal harvest,சாதாரண அறுவடைக்கு முன் தக்காளி பழத்தை பழுக்க வைக்கும் முறை பற்றி கேட்டறிந்தார்
suggested to spray ethrel@500 ppm on the fruit about one month before normal harvest,சாதாரண அறுவடைக்கு ஒரு மாதத்திற்கு முன்பு எத்ரல்@500 பிபிஎம் மருந்தை பழத்தின் மீது தெளிக்க பரிந்துரைக்கப்படுகிறது
asking the control measure against aphids and epilachna beetle which are destroying his potato cultivation.,அவரது உருளைக்கிழங்கு சாகுபடியை அழிக்கும் அசுவினி மற்றும் எபிலாக்னா வண்டுகளுக்கு எதிரான கட்டுப்பாட்டு நடவடிக்கையை கேட்டுள்ளார்.
suggested to apply malathion 50 ec @ 1.5 litre in 500-600 litres of water to get control on these types of pests.,இந்த வகையான பூச்சிகளைக் கட்டுப்படுத்த 500-600 லிட்டர் தண்ணீரில் மாலத்தியான் 50 இசி @ 1.5 லிட்டர் பயன்படுத்த பரிந்துரைக்கப்படுகிறது.
asking about the fertilizer dose of beeter gourd.,பூசணிக்காயின் உரத்தின் அளவைப் பற்றி கேட்டேன்.
"suggested to apply 11 kg urea, 29 kg ssp, 3kg mop and 2 quintol compost. urea is suggested to apply in 3 splt doses: one at the time of land preperation, 2nd in 30 days and the rest in 60 days.","11 கிலோ யூரியா, 29 கிலோ எஸ்எஸ்பி, 3 கிலோ துடைப்பான் மற்றும் 2 குவிண்டால் உரம் இட வேண்டும். யூரியாவை 3 splt அளவுகளில் பயன்படுத்த பரிந்துரைக்கப்படுகிறது: ஒன்று நிலத்தை தயார் செய்யும் போது, ​​2வது 30 நாட்களில் மற்றும் மீதமுள்ளவை 60 நாட்களில்."
asking about the recommended fertilizer dose of wheat.,கோதுமையின் பரிந்துரைக்கப்பட்ட உரத்தின் அளவைப் பற்றி கேட்கிறது.
"suggested that the recommended fertilizer dose for wheat is-urea@12kilogram/bigha,ssp@18kilogram/bigha,mop@4kilogram/bigha.","கோதுமைக்கு பரிந்துரைக்கப்படும் உர அளவு யூரியா@12கிலோகிராம்/பிக்ஹா,எஸ்எஸ்பி@18கிலோகிராம்/பிக்ஹா,மாப்@4கிலோகிராம்/பிக்ஹா ஆகும்."
asking about the control measure to control fruit rot disease of chilli,மிளகாயில் பழ அழுகும் நோயைக் கட்டுப்படுத்துவதற்கான கட்டுப்பாட்டு நடவடிக்கை குறித்து கேட்டறிந்தார்
suggested to apply bavistin@2gram/liter of water at 7-10 days interval.,7-10 நாட்கள் இடைவெளியில் பாவிஸ்டின்@2 கிராம்/லிட்டர் தண்ணீருக்குப் பயன்படுத்த பரிந்துரைக்கப்படுகிறது.
asking about the control measure to control fruit borer infestation in mango fruit.,மாம்பழத்தில் பழம் துளைப்பான் தாக்குதலைக் கட்டுப்படுத்துவதற்கான கட்டுப்பாட்டு நடவடிக்கை குறித்து கேட்டறிந்தார்.
suggested to spray dimecron 100 ec@2ml/liter of water followed by waiting period of 10-12 days.,டைமெக்ரான் 100 இசி@2மிலி/லிட்டர் தண்ணீருக்கு 10-12 நாட்கள் காத்திருந்து தெளிக்க பரிந்துரைக்கப்படுகிறது.
asking about the recommended fertilizer dose for  bitter gourd.,பாகற்காய்க்கு பரிந்துரைக்கப்பட்ட உரத்தின் அளவைக் கேட்டறிந்தார்.
"suggested to apply urea@11kilogram/bigha,ssp@29 kilogram/bigha,mop@3 kilogram/bigha and fym@2 quintal/bigha.","யூரியா@11கிலோகிராம்/பிக்ஹா,எஸ்எஸ்பி@29கிலோகிராம்/பிக்ஹா,மாப்@3கிலோகிராம்/பிக்ஹா மற்றும் எஃகு @2 குவிண்டால்/பிக்ஹா ஆகியவற்றைப் பயன்படுத்த பரிந்துரைக்கப்படுகிறது."
asking the control measure against late blight of potato.,உருளைக்கிழங்கின் தாமதமான ப்ளைட்டின் கட்டுப்பாட்டு நடவடிக்கையைக் கேட்கிறது.
suggested to spray indofil m 45 @ 2.5 gram per litre of water and ridomil mz 72 @ 2 gram per litre of water alternatively at an interval of 10-12 days. also suggested that while spraying care should be taken so that the lower part of the leaves  also gets wettened.,ஒரு லிட்டர் தண்ணீருக்கு இன்டோஃபில் எம் 45 @ 2.5 கிராம் மற்றும் ரிடோமில் எம்இசட் 72 @ 2 கிராம் ஒரு லிட்டர் தண்ணீருக்கு மாற்றாக 10-12 நாட்கள் இடைவெளியில் தெளிக்க பரிந்துரைக்கப்படுகிறது. தெளிக்கும் போது இலைகளின் கீழ் பகுதியும் நனையும்படி பார்த்துக் கொள்ள வேண்டும் என்றும் பரிந்துரைத்தார்.
asking about the control measure to control fruit drop problem in coconut.,தென்னையில் பழ துளி பிரச்சனையை கட்டுப்படுத்துவதற்கான கட்டுப்பாட்டு நடவடிக்கை குறித்து கேட்டறிந்தார்.
"suggested to apply recommended fertilizer dose like-urea@1,5 kilogram/plant,ssp@2.5 kilogram/plant,mop@1.75 kilogram/plant,borax@25 gram/plant.fertilizer should be applied in two equal split doses twice in a year in trench method.","பரிந்துரைக்கப்பட்ட உர அளவு யூரியா @ 1,5 கிலோ / செடி, எஸ்எஸ்பி @ 2.5 கிலோ / செடி, துடைப்பம் @ 1.75 கிலோ / செடி, போராக்ஸ் @ 25 கிராம் / செடி. உரத்தை இரண்டு சம அளவு பிரித்து ஒரு வருடத்திற்கு இரண்டு முறை அகழி முறையில் இட வேண்டும்."
asking about the control measure to control wilting problem of tomato.,தக்காளி வாடல் பிரச்சனையை கட்டுப்படுத்தும் முறை குறித்து கேட்டறிந்தார்.
suggested to applly agromycin@200 milligram/liter of water or  spray solution of 1gram asafoetida + 5 gram turmeric mixture/10 liters of water.,அக்ரோமைசின்@200 மில்லிகிராம்/லிட்டர் தண்ணீருக்குப் பயன்படுத்தவும் அல்லது 1 கிராம் சாதம் + 5 கிராம் மஞ்சள் கலவை/10 லிட்டர் தண்ணீரில் தெளிக்கவும்.
asking about the control measure to control fruit drop problem of coconut.,தென்னையில் பழ துளி பிரச்சனையை கட்டுப்படுத்துவதற்கான கட்டுப்பாட்டு நடவடிக்கை குறித்து கேட்டறிந்தார்.
"suggested to apply recommended fertilizer dose like-urea@1.5 kilogram/plant,ssp@2.5 kilogram/plant,mop@1.75 kilogram/plant,borax@25 gram/plant and also to apply planofix@1tsf/20 liters of water.fertilizer should be apply in two equal split doses twice in a year to a trench of 30 cm width and 10 cm depth at a radius of 1-1.75m away from the main trunk.","பரிந்துரைக்கப்பட்ட உர அளவு யூரியா @ 1.5 கிலோ / செடி, எஸ்எஸ்பி @ 2.5 கிலோ / செடி, மாப் @ 1.75 கிலோ / செடி, போராக்ஸ் @ 25 கிராம் / செடி மற்றும் பிளானோஃபிக்ஸ் @ 1 டிஎஸ்எஃப் / 20 லிட்டர் தண்ணீரைப் பயன்படுத்த பரிந்துரைக்கப்படுகிறது. உரத்தை இரண்டு சம அளவு பிளவுகளில் இட வேண்டும் பிரதான உடற்பகுதியில் இருந்து 1-1.75மீ தொலைவில் உள்ளது."
asking about the seed rate/bigha of cucumber.,வெள்ளரியின் விதை விகிதம்/பிகா பற்றி கேட்கிறது.
suggested that seed rate of cucumber/bigha is 330 gram.,வெள்ளரிக்காய் / பிகா விதை விகிதம் 330 கிராம் என்று பரிந்துரைக்கப்படுகிறது.
asking about the market price/quintal for  tomato in his district.,அவரது மாவட்டத்தில் தக்காளியின் சந்தை விலை / குவிண்டால் பற்றி கேட்கிறார்.
suggested that the market price for tomato up to 29/01/10 is-600rs/quintal(min) and 800 rs/quintal(max).,29/01/10 வரையிலான தக்காளியின் சந்தை விலை-600ரூ/ குவிண்டால்(நிமிடம்) மற்றும் 800 ரூ/ குவிண்டால்(அதிகபட்சம்) ஆகும்.
asking about the control measure to control late blight disease infestation in potato.,உருளைக்கிழங்கில் தாமதமான ப்ளைட் நோய்த் தாக்குதலைக் கட்டுப்படுத்துவதற்கான கட்டுப்பாட்டு நடவடிக்கை பற்றி கேட்டறிந்தார்.
suggested to apply dithane m-45@2.5 gram/liter of water alternating with ridomil mz-72@2gram/liter of water at 7-10 days interval.,டித்தேன் m-45@2.5 கிராம்/லிட்டர் தண்ணீரில் ரிடோமில் mz-72@2 கிராம்/லிட்டர் தண்ணீருடன் 7-10 நாட்கள் இடைவெளியில் பயன்படுத்த பரிந்துரைக்கப்படுகிறது.
asking about the control measure to control bacterial wilt disease of tomato.,தக்காளியின் பாக்டீரிய வாடல் நோயைக் கட்டுப்படுத்துவதற்கான கட்டுப்பாட்டு நடவடிக்கை குறித்து கேட்டறிந்தார்.
suggested to apply streptomycin sulphate@200mg/liter of water.,ஸ்ட்ரெப்டோமைசின் சல்பேட் @200mg/லிட்டர் தண்ணீருக்குப் பயன்படுத்த பரிந்துரைக்கப்படுகிறது.
asking the control measure against black spot disease in cabbage.,முட்டைக்கோசில் உள்ள கரும்புள்ளி நோயை கட்டுப்படுத்த நடவடிக்கை எடுக்க வேண்டும்.
suggested to spray streptomycin @ 2 gram per litre of water to get control on this disease.,இந்நோயைக் கட்டுப்படுத்த ஸ்ட்ரெப்டோமைசின் ஒரு லிட்டர் தண்ணீருக்கு 2 கிராம் என்ற அளவில் தெளிக்க பரிந்துரைக்கப்படுகிறது.
asking about the measurement required in preparation of vermicompost in tank.,தொட்டியில் மண்புழு உரம் தயாரிக்க தேவையான அளவீடுகள் குறித்து கேட்டறிந்தார்.
"suggested that tanks with dimension of 1.5 meter width,4.5 meter length and 0.9 meter height is preferred.","1.5 மீட்டர் அகலம், 4.5 மீட்டர் நீளம் மற்றும் 0.9 மீட்டர் உயரம் கொண்ட தொட்டிகள் விரும்பத்தக்கது."
asking about treatment of white diarrhoea of poultry.,கோழியின் வெள்ளை வயிற்றுப்போக்கு சிகிச்சை பற்றி கேட்டேன்.
suggested him to separate the diseased bird.suggested him to administer tetracycline powder @5gm with 5ltr of water with feed 2 times in a day.,நோயுற்ற பறவையைப் பிரிக்கும்படி அவருக்குப் பரிந்துரைத்தார். டெட்ராசைக்ளின் பவுடரை @5 கிராம் 5 லிட்டர் தண்ணீருடன் ஒரு நாளைக்கு 2 முறை தீவனத்துடன் கொடுக்குமாறு பரிந்துரைத்தார்.
asking about the control measure to control fruit borer pest infestation in tomato.,தக்காளியில் பழம் துளைப்பான் பூச்சித் தாக்குதலைக் கட்டுப்படுத்துவதற்கான கட்டுப்பாட்டு நடவடிக்கை குறித்து கேட்டறிந்தார்.
"suggested to spray  neem based pesticide like-neem gold,achok@1.5 ml/liter of water.","வேம்பு தங்கம், சோக் @ 1.5 மிலி/லிட்டர் தண்ணீர் போன்ற வேம்பு அடிப்படையிலான பூச்சிக்கொல்லியை தெளிக்க பரிந்துரைக்கப்படுகிறது."
suggested to administer neblon powder @ 50 gm twice daily for five days.along with that administer steclin bolus @ 2 bolus twice daily for five days.,நெப்லான் பவுடரை @ 50 கிராம் தினமும் இரண்டு முறை ஐந்து நாட்களுக்கு நிர்வகிக்க பரிந்துரைக்கப்படுகிறது. அதனுடன் ஸ்டெக்லின் போலஸ் @ 2 போலஸை தினமும் இரண்டு முறை ஐந்து நாட்களுக்கு நிர்வகிக்கவும்.
asking about treatment of wound in a cow.,ஒரு பசுவில் ஏற்பட்ட காயத்தின் சிகிச்சை பற்றி கேட்கிறார்.
suggested to clean the wound with betadine and then spray skin heal spray on the affected area twice daily.,"பீட்டாடைன் கொண்டு காயத்தை சுத்தம் செய்து, தோல் குணப்படுத்தும் ஸ்பிரேயை பாதிக்கப்பட்ட பகுதியில் தினமும் இரண்டு முறை தெளிக்க பரிந்துரைக்கப்படுகிறது."
"asking informations about central institute of post harvest engineering and technology, ludhiana, punjab.","பஞ்சாப், லூதியானா, அறுவடைக்கு பிந்தைய இன்ஜினியரிங் மற்றும் தொழில்நுட்பத்தின் மத்திய நிறுவனம் பற்றிய தகவல்களைக் கேட்கிறது."
"answered that dr. r.t.patil is the director of ciphet, ludiana, punjab and the institute has divisons of agriculture structures and environmental control, food grains and oil seeds processing,transfer of technology and horticulture crop processing. the contact numbers provided are :0161-2308669 & 2307196 along with 09216338421. also advised mr. singha to search google for other informations in details.","என்று பதிலளித்தார் டாக்டர். r.t.patil சிபெட், லுடியானா, பஞ்சாப் ஆகியவற்றின் இயக்குநராக உள்ளார், மேலும் இந்த நிறுவனம் விவசாய கட்டமைப்புகள் மற்றும் சுற்றுச்சூழல் கட்டுப்பாடு, உணவு தானியங்கள் மற்றும் எண்ணெய் விதைகள் செயலாக்கம், தொழில்நுட்ப பரிமாற்றம் மற்றும் தோட்டக்கலை பயிர் செயலாக்கம் ஆகியவற்றின் பிரிவுகளைக் கொண்டுள்ளது. வழங்கப்பட்ட தொடர்பு எண்கள் :0161-2308669 & 2307196 உடன் 09216338421. மேலும் திரு. சிங்கா கூகுளில் மற்ற தகவல்களை விவரங்களில் தேடலாம்."
suggested him to administer hostacycline powder @5gm in 5 ltr of water.,5 லிட்டர் தண்ணீரில் 5 கிராம் ஹோஸ்டாசைக்ளின் பவுடரை வழங்குமாறு பரிந்துரைத்தார்.
asking about treatment of bloat of a goat.,ஒரு ஆட்டின் வீக்கம் சிகிச்சை பற்றி கேட்கிறது.
suggested him to administer afanil 100ml@50ml orally and rest b50ml after 6hours.along with that administer steclin 500mg bolus @1/2 bolus twice daily.administer bovirum bolus @1/2 bolus twice daily.,"அஃபானில் 100ml@50ml வாய்வழியாக கொடுக்கவும், 6 மணி நேரத்திற்குப் பிறகு b50ml ஓய்வெடுக்கவும் அவருக்கு பரிந்துரைக்கப்பட்டது. அதனுடன் ஸ்டெக்லின் 500mg bolus @1/2 bolus ஐ தினமும் இரண்டு முறை கொடுக்கவும். Bovirum bolus @1/2 bolus தினமும் இரண்டு முறை நிர்வகிக்கவும்."
asking about the preventive measure against fruit borer of mango,மாம்பழத்தில் பழம் துளைப்பான்களுக்கு எதிரான தடுப்பு நடவடிக்கை குறித்து கேட்டறிந்தார்
"suggested to follow clean cultivation, brush the trunk with lime, spray the field with .1% malathion 35ec.","சுத்தமான சாகுபடியைப் பின்பற்றவும், சுண்ணாம்புடன் தண்டுக்குத் துலக்கவும், வயலில் .1% மாலத்தியான் 35c உடன் தெளிக்கவும்."
asking about the control measure to control fruit rot disease of chiili.,மிளகாய் பழ அழுகல் நோயைக் கட்டுப்படுத்துவதற்கான கட்டுப்பாட்டு நடவடிக்கை குறித்து கேட்டறிந்தார்.
suggested to apply dithane m-45@2.5 gram/liter of water.,டித்தேன் m-45@2.5 கிராம்/லிட்டர் தண்ணீருக்குப் பயன்படுத்த பரிந்துரைக்கப்படுகிறது.
telling that he wants to cultivate cucumber in a land of 2 bigha and for the same asking the process of cutivation practices.,"2 பிகா நிலத்தில் வெள்ளரி பயிரிட விரும்புவதாகவும், அதற்காக வெட்டும் நடைமுறைகளைக் கேட்டறிந்தார்."
"suggested to select mar-apr  with an seed rate of 330 gram per bigha. the planting distance suggested is 1.5 x 1.2 metre . fertilizers suggested is 14, 37,17 and 300 kilogram of urea, super, potash and farm yard manure respectively. also suggested to treat per kilogram of seeds with 5 gram of captaf to prevent root rot before sowing. the preventive measures has also been elaborated in details and wished him success for a bulk produce more than his expectation.","ஒரு பிகாவிற்கு 330 கிராம் விதை விகிதத்துடன் மார்-ஏப்ரை தேர்ந்தெடுக்க பரிந்துரைக்கப்பட்டது. பரிந்துரைக்கப்பட்ட நடவு தூரம் 1.5 x 1.2 மீட்டர். உரங்கள் முறையே 14, 37,17 மற்றும் 300 கிலோகிராம் யூரியா, சூப்பர், பொட்டாஷ் மற்றும் பண்ணை முற்றத்தில் உரம் பரிந்துரைக்கப்படுகிறது. விதைப்பதற்கு முன் வேர் அழுகல்லைத் தடுக்க ஒரு கிலோ விதைக்கு 5 கிராம் கேப்டாஃப் கொண்டு நேர்த்தி செய்ய பரிந்துரைக்கப்படுகிறது. தடுப்பு நடவடிக்கைகளும் விரிவாக விவரிக்கப்பட்டுள்ளன, மேலும் அவர் எதிர்பார்த்ததை விட அதிகமான உற்பத்திக்கு அவர் வெற்றிபெற வாழ்த்தினார்."
asking about financial assitstance for dairy farming.,பால் பண்ணைக்கான நிதி உதவி பற்றி கேட்டனர்.
suggested to contact with nearest sbi branch for loans& finances.,கடன்கள் மற்றும் நிதிக்கு அருகில் உள்ள sbi கிளையை தொடர்பு கொள்ள பரிந்துரைக்கப்படுகிறது.
asking about the variety of rajma.,ராஜ்மாவின் வகையைப் பற்றி கேட்டேன்.
suggested that the variety is-uday.,பல்வேறு-உதய் என்று பரிந்துரைத்தார்.
asking for the preservation method of potato tubers to be sown after 7-8 months.,உருளைக்கிழங்கு கிழங்குகளைப் பாதுகாக்கும் முறையை 7-8 மாதங்களுக்குப் பிறகு விதைக்க வேண்டும்.
"suggested mr. borbhuyan to dip the selected tubers (to be sown) in a solution of 30 gram boric acid and 1 litre of water for 30 minutes. after that the tubers are to be thinly spread in shade. also suggested to examine the tuber seeds and to separate and throw away the rotten ones and whenever such cases are observed, advised to spary malathion 5 percent dust powder with the help of a sprayer for which 200 gram of malathion 5 percent dust powder is sufficient for 1 quintal of potato tubers.","பரிந்துரைத்தார் திரு. தேர்ந்தெடுக்கப்பட்ட கிழங்குகளை (விதைக்க வேண்டும்) 30 கிராம் போரிக் அமிலம் மற்றும் 1 லிட்டர் தண்ணீரின் கரைசலில் 30 நிமிடம் முக்குவதற்கு போர்புயான். அதன் பிறகு கிழங்குகளை நிழலில் மெல்லியதாக பரப்ப வேண்டும். கிழங்கு விதைகளை பரிசோதித்து, அழுகியவற்றைப் பிரித்து எறிந்துவிடவும், இதுபோன்ற நிகழ்வுகள் கண்டறியப்பட்டால், 1 குவிண்டால் உருளைக்கிழங்கு கிழங்குகளுக்கு 200 கிராம் மாலத்தியான் 5 சதவிகித தூள் தூள் போதுமானதாக இருக்கும்."
asking about the age of castration in goat,ஆட்டின் காஸ்ட்ரேஷன் வயதைக் கேட்கிறது
the age of castration is 2-3 months in goat.,காஸ்ட்ரேஷன் வயது ஆட்டில் 2-3 மாதங்கள்.
asking that how to increase the production of coconut.,தேங்காய் உற்பத்தியை எப்படி அதிகரிப்பது என்று கேட்டனர்.
"suggested to apply recommended fertlizer dose like-urea@1.5kilogram/plant,ssp@2.5kilogram/plant,mop@1.75kilogram/plant,borax@25gram/plant.fertlizer should be applied in two equal split doses twice in a year to a trench of 30cm breadth,15cm depth at a radius of 1-1.75 meter away from the trunk.","பரிந்துரைக்கப்பட்ட உர அளவை யூரியா@1.5கிலோகிராம்/தாவரம்,எஸ்எஸ்பி@2.5கிலோகிராம்/செடி,மாப்@1.75கிலோகிராம்/செடி, போராக்ஸ்@25கிராம்/செடி உடற்பகுதியில் இருந்து மீட்டர் தொலைவில்."
asked about the fertilizer dose of okra.,ஓக்ராவின் உர அளவு பற்றி கேட்டார்.
"suggested to apply 14 kg urea, 41 kg ssp, 11kg mop and 2 q fym per bigha.","ஒரு பிகாவிற்கு 14 கிலோ யூரியா, 41 கிலோ எஸ்எஸ்பி, 11 கிலோ துடைப்பம் மற்றும் 2 கியூ ஃபைம் ஆகியவற்றைப் பயன்படுத்த பரிந்துரைக்கப்படுகிறது."
asking about the control measure to control fruit rot problem of cucumber.,வெள்ளரிக்காய் பழ அழுகும் பிரச்சனையை கட்டுப்படுத்துவதற்கான கட்டுப்பாட்டு நடவடிக்கை பற்றி கேட்டறிந்தார்.
suggested to apply dithane m-45@2.5gram/liter of water.,dithane m-45@2.5gram/liter தண்ணீருக்கு பயன்படுத்த பரிந்துரைக்கப்படுகிறது.
asking about treatment of wound in calf.,கன்றுக்குட்டியில் ஏற்பட்ட காயத்தின் சிகிச்சை பற்றி கேட்டனர்.
suggested to clean the wound with normal saline and then spray topicure spray on the affected area twice daily.,"காயத்தை சாதாரண உமிழ்நீரைக் கொண்டு சுத்தம் செய்யவும், பின்னர் பாதிக்கப்பட்ட பகுதியில் டாபிக்சர் ஸ்ப்ரேயை தினமும் இரண்டு முறை தெளிக்கவும்."
asked about the fertilizer dose of bhendi.,வெண்டைக்காய் உரத்தின் அளவைப் பற்றி கேட்டார்.
"suggested to apply 14 kg urea, 41 kg ssp, 11 kg mop and 200 kg fym per bigha.","ஒரு பிகாவிற்கு 14 கிலோ யூரியா, 41 கிலோ எஸ்எஸ்பி, 11 கிலோ துடைப்பம் மற்றும் 200 கிலோ எஃகு ஆகியவற்றைப் பயன்படுத்த பரிந்துரைக்கப்படுகிறது."
asked about the information regarding the training of mashroom cultivation.,காளான் வளர்ப்பு பயிற்சி தொடர்பான தகவல்களை கேட்டறிந்தார்.
"suggested to contact sird, khanapara, assam at phone no 0361 2335154, 2331663","0361 2335154, 2331663 என்ற தொலைபேசி எண்ணில் sird, khanapara, Assam ஐ தொடர்பு கொள்ள பரிந்துரைக்கப்படுகிறது"
asking about source of good breed ducklings for duck farming.,வாத்து வளர்ப்புக்கு நல்ல இன வாத்து குஞ்சுகளின் ஆதாரம் பற்றி கேட்டனர்.
"suggested to contact with s.i.r.d. khanapara,guwahati-22 for good breed ducklings.","s.i.r.d உடன் தொடர்பு கொள்ள பரிந்துரைக்கப்பட்டது. கானாபாரா, குவஹாத்தி-22 நல்ல இன வாத்து குஞ்சுகளுக்கு."
asking about the control measure to control cut worm infestation in cucumber.,வெள்ளரிக்காயில் வெட்டுப்புழு தொல்லையை கட்டுப்படுத்துவதற்கான கட்டுப்பாட்டு நடவடிக்கை குறித்து கேட்டறிந்தார்.
suggested to spray neem based pesticide like-neem gold/neemax@5ml/liter of water.,வேம்பு தங்கம்/நீமேக்ஸ் @5மிலி/லிட்டர் தண்ணீர் போன்ற வேம்பு அடிப்படையிலான பூச்சிக்கொல்லியை தெளிக்க பரிந்துரைக்கப்படுகிறது.
asking about the fertilizer dose of bitter gourd.,பாகற்காய் உரத்தின் அளவைப் பற்றி கேட்டறிந்தார்.
"suggested mr das to apply urea-11 kg,super-29 kg,potash- 3 kg and compost-2 quintal/bigha as the recomended dose of fertilizers for bitter gourd.","பாகற்காய்க்கு பரிந்துரைக்கப்பட்ட உரங்களாக யூரியா-11 கிலோ, சூப்பர்-29 கிலோ, பொட்டாஷ்- 3 கிலோ மற்றும் கம்போஸ்ட்-2 குவிண்டால்/பிகா ஆகியவற்றை இடுவதற்கு திரு தாஸ் பரிந்துரைத்தார்."
asking about treatment of maggoted wound in cow.,பசுவில் ஏற்பட்ட புழுக் காயத்திற்கு சிகிச்சையளிப்பது குறித்து கேட்டறிந்தார்.
suggested to clean the area and spray topicure spray on the affected area twice daily.,"பாதிக்கப்பட்ட பகுதியில் தினமும் இரண்டு முறை டாபிக்கர் ஸ்பிரேயை அப்பகுதியை சுத்தம் செய்யவும், தெளிக்கவும்."
asking about treatment of anoestrus in cow.,பசுவின் அனோஸ்ட்ரஸ் சிகிச்சை பற்றி கேட்டேன்.
suggested to administer prajana capsule @3 capsule on first day and 3 capsule on second day and repeat the same dose on eleventh day and twelve day.along with that inject tonophosfen inj @10 ml at alternate day for five times.,முதல் நாள் பிரஜானா காப்ஸ்யூல் @3 காப்ஸ்யூல் மற்றும் இரண்டாவது நாளில் 3 காப்ஸ்யூல் மற்றும் பதினொன்றாம் நாள் மற்றும் பன்னிரெண்டு நாளில் அதே அளவை மீண்டும் செய்யவும். அதனுடன் டோனோபோஸ்ஃபென் இன்ஜெக்ட் @10 மில்லியை மாற்று நாளில் ஐந்து முறை செலுத்தவும்.
asking about treatment of worm infestation of a cow.,ஒரு பசுவின் புழு தொல்லைக்கு சிகிச்சை பற்றி கேட்டேன்.
suggested him to administer panacur 1.5gm bolus @1 bolus.repeat the same dose after 15 days.,1.5gm bolus @1 bolus
asking about some hybrid variety of maize.,மக்காச்சோளத்தின் சில கலப்பின வகைகளைப் பற்றி கேட்கிறேன்.
"suggested to grow hybrid variety like-ganga-5,hi-starch.","கங்கா-5, ஹை-ஸ்டார்ச் போன்ற கலப்பின வகைகளை வளர்க்க பரிந்துரைக்கப்படுகிறது."
asking about the control measure to control fruit borer pest in ridge gourd.,பூசணிக்காயில் பழம் துளைப்பான் பூச்சியைக் கட்டுப்படுத்துவதற்கான கட்டுப்பாட்டு நடவடிக்கை குறித்து கேட்டறிந்தார்.
suggested to spray neem based pesticide like-achook/neem gold@5ml/liter of water.,வேம்பு அடிப்படையிலான பூச்சிக்கொல்லி மருந்து-அச்சூக்/வேம்பு தங்கம்@5 மில்லி/லிட்டர் தண்ணீரில் தெளிக்க பரிந்துரைக்கப்படுகிறது.
asking about treatment of diarrhoea in buffalo.,எருமைக்கு வயிற்றுப்போக்கு சிகிச்சை பற்றி கேட்டேன்.
suggested to administer neblon powder @50 gm twice daily for five days.change the feed for 10 days and observe.,நெப்லான் பவுடர் @50 கிராம் தினமும் இரண்டு முறை ஐந்து நாட்களுக்கு கொடுக்க பரிந்துரைக்கப்படுகிறது. 10 நாட்களுக்கு தீவனத்தை மாற்றி கவனிக்கவும்.
suggested to administer prajana capsule @3 capsule for two consecutive days and repeat the same dose on 10th and 11th day.along with that administer cofecu tab @1 tab daily.,"பிரஜானா காப்ஸ்யூல் @3 காப்ஸ்யூலை இரண்டு நாட்களுக்கு தொடர்ந்து கொடுக்கவும், அதே டோஸ் 10 மற்றும் 11 வது நாளில் மீண்டும் செய்யவும். அதனுடன் தினமும் cofecu டேப் @1 டேப் நிர்வகிக்கவும்."
asking about treatment of wound in cow.,பசுவில் ஏற்பட்ட காயத்திற்கு சிகிச்சையளிப்பது குறித்து கேட்டறிந்தார்.
suggested to keep the wound clean and then spray scavon spray on the affected area twice daily.,"காயத்தை சுத்தமாக வைத்திருக்கவும், பின்னர் பாதிக்கப்பட்ட பகுதியில் ஸ்கேவான் ஸ்ப்ரேயை தினமும் இரண்டு முறை தெளிக்கவும்."
asking what control measure should be taken to control flower drop in coocnut plant.,தென்னை செடியில் பூ உதிர்வதை கட்டுப்படுத்த என்ன கட்டுப்பாட்டு நடவடிக்கை எடுக்க வேண்டும் என்று கேட்டனர்.
"suggested to apply recommended fertilizer dose like-urea@1.5 kilogram/plant,ssp@2.5 kilogram/plant,mop@1.75 kilogram/plant,borax@25 gram/plant and also advised to spray planofix@1tsf/15 liters of water at the time of flowering.fertilizer should be applied in two equal split doses twice in a year in trench method.","பரிந்துரைக்கப்பட்ட உர அளவு யூரியா @ 1.5 கிலோ / செடி, எஸ்எஸ்பி @ 2.5 கிலோ / செடி, மாப் @ 1.75 கிலோ / செடி, போராக்ஸ் @ 25 கிராம் / செடி போன்ற பரிந்துரைக்கப்படுகிறது மேலும் planofix @ 1 tsf / 15 லிட்டர் தண்ணீர் தெளிக்க அறிவுறுத்தப்படுகிறது ."
asking about the control measure to control stored grain pest infestation in store house of paddy.,நெல் களஞ்சியசாலையில் சேமித்து வைக்கப்பட்டுள்ள தானியப் பூச்சித் தாக்குதலைக் கட்டுப்படுத்துவதற்கான கட்டுப்பாட்டு நடவடிக்கை குறித்து கேட்டறிந்தார்.
suggested to spray 5% malathion dust.,5% மாலத்தியான் தூசி தெளிக்க பரிந்துரைக்கப்படுகிறது.
"telling that his chilli fruits are suffering from rotting problem,what is the reamedy measure.","தனது மிளகாய் பழங்கள் அழுகும் பிரச்சனையால் அவதிப்படுவதாக கூற, அதற்கான தீர்வு என்ன?"
suggested to apply mancozeb@2.5 gram/liter of water.,மான்கோசெப்@2.5 கிராம்/லிட்டர் தண்ணீருக்குப் பயன்படுத்த பரிந்துரைக்கப்படுகிறது.
asking about the controlling measure for ganderma disease of coconut.,தென்னையின் கேண்டர்மா நோயைக் கட்டுப்படுத்தும் நடவடிக்கை குறித்து கேட்டறிந்தார்.
suggested mr paul to spray captan @2ml/litre of water and to apply 7kg neemcake and 1.5-2.0kg sulphur /tree.,"கேப்டானை @2மிலி/லிட்டர் தண்ணீருக்கு தெளிக்கவும், 7 கிலோ வேப்பம் புண்ணாக்கு மற்றும் 1.5-2.0 கிலோ கந்தகம் / மரத்திற்கு இடவும் திரு பால் பரிந்துரைத்தார்."
asking about the proper spacing for brinjal cultivation.,கத்தரி சாகுபடிக்கான சரியான இடைவெளி குறித்து கேட்டறிந்தார்.
suggested that spacing is-74cm.(row to row)x 60cm. (plant to plant).,இடைவெளி-74cm.(வரிசை முதல் வரிசை வரை)x 60cm என்று பரிந்துரைத்தார். (தாவரத்திற்கு நடவு).
asking about the sowing season of black gram,உளுந்து விதைப்பு பருவம் குறித்து கேட்டனர்
mid august to mid september is the best sowing time for black gram,ஆகஸ்ட் நடுப்பகுதி முதல் செப்டம்பர் நடுப்பகுதி வரை உளுந்துக்கு சிறந்த விதைப்பு நேரம்
asking about treatment after deworming of a cow.,ஒரு மாட்டுக்கு குடற்புழு நீக்கிய பின் சிகிச்சை பற்றி கேட்டேன்.
suggested him to administer feroliv @1cup twice daily.,தினமும் இரண்டு முறை ஃபெரோலிவ் @1 கப் கொடுக்க அவருக்கு பரிந்துரைத்தார்.
suggested to administer neblon powder @50 gm twice daily for five days.along with administer steclin bolus @2 bolus twice daily for five days.,நெப்லான் பவுடர் @50 கிராம் தினசரி ஐந்து நாட்களுக்கு இரண்டு முறை கொடுக்க பரிந்துரைக்கப்படுகிறது. அத்துடன் ஸ்டெக்லின் போலஸ் @2 போலஸை தினமும் இரண்டு முறை ஐந்து நாட்களுக்கு நிர்வகிக்கவும்.
asking about some early variety of knolkhol.,சில ஆரம்ப வகை knolkhol பற்றி கேட்டேன்.
"given in details regarding early variety like-white vienna,priya etc.","வெள்ளை வியன்னா, பிரியா போன்ற ஆரம்ப வகைகளைப் பற்றிய விவரங்கள் கொடுக்கப்பட்டுள்ளன."
asking about the control measure to control rice caseworm infestation in sali rice cultivation,சாலி நெல் சாகுபடியில் நெற்பயிர் தாக்குதலைக் கட்டுப்படுத்துவதற்கான கட்டுப்பாட்டு நடவடிக்கை குறித்து கேட்டறிந்தார்
suggested first to drain-off the excess water from the field to kill the floating larvae and to spray ekalux 25ec@2ml/liter of water.,"மிதக்கும் லார்வாக்களை அழிக்க வயலில் உள்ள அதிகப்படியான நீரை வெளியேற்றவும், எக்கலக்ஸ் 25ec@2ml/லிட்டர் தண்ணீரில் தெளிக்கவும் முதலில் பரிந்துரைக்கப்பட்டது."
asking about the control measure to control fruit rot problem in cow pea.,மாட்டுப் பட்டாணியில் பழ அழுகலைக் கட்டுப்படுத்துவதற்கான கட்டுப்பாட்டு நடவடிக்கை குறித்து கேட்டறிந்தார்.
asking about the control measure to control powdery mildew disease in okra.,ஓக்ராவில் நுண்துகள் பூஞ்சை காளான் நோயைக் கட்டுப்படுத்துவதற்கான கட்டுப்பாட்டு நடவடிக்கை பற்றி கேட்டறிந்தார்.
suggested to apply sulfex@1 teaspoonful/liter of water.,சல்ஃபெக்ஸ்@1 தேக்கரண்டி அளவு/லிட்டர் தண்ணீருக்குப் பயன்படுத்த பரிந்துரைக்கப்படுகிறது.
the farmer has got 1kg rice seed from gram panchayat officila in free of cost. he is asking about the variety of the said seed.,விவசாயி ஒரு கிலோ நெல் விதையை கிராம பஞ்சாயத்து அலுவலகத்தில் இருந்து இலவசமாக பெற்றுள்ளார். அவர் சொல்லப்பட்ட விதையின் வகையைப் பற்றி கேட்கிறார்.
suggested to conferm the variety from concern agricultural development officer or village level extension worker of state department of agriculture.,சம்பந்தப்பட்ட வேளாண்மை வளர்ச்சி அலுவலர் அல்லது மாநில வேளாண்மைத் துறையின் கிராம அளவிலான விரிவாக்கப் பணியாளரிடம் இருந்து பல்வேறு வகைகளை வழங்க பரிந்துரைக்கப்பட்டது.
asking about sowing time for early variety cauliflower.,ஆரம்ப வகை காலிஃபிளவர் விதைப்பு நேரம் பற்றி கேட்கிறது.
suggested that early sowing time is-mid july to first week of august.,ஆரம்ப விதைப்பு நேரம் ஜூலை நடுப்பகுதி முதல் ஆகஸ்ட் முதல் வாரம் வரை என்று பரிந்துரைக்கப்படுகிறது.
asking about the control measure to control brinjal fruit borer pest in brinjal cultivation.,கத்தரி சாகுபடியில் கத்தரிக்காய் பழம் துளைப்பான் பூச்சியைக் கட்டுப்படுத்துவதற்கான கட்டுப்பாட்டு நடவடிக்கை குறித்து கேட்டறிந்தார்.
suggested to spray azadirachtin product like-neem gold/neemax-m@2ml/liter of water.,வேம்பு தங்கம்/நீமேக்ஸ்-மீ @ 2மிலி/லிட்டர் தண்ணீர் போன்ற அசாடிராக்டின் தயாரிப்பு தெளிக்க பரிந்துரைக்கப்படுகிறது.
asking about the control measure to control leaf curling problem in chilli.,மிளகாயில் இலை சுருட்டுப் பிரச்னையைக் கட்டுப்படுத்துவதற்கான கட்டுப்பாட்டு நடவடிக்கை குறித்து கேட்டறிந்தார்.
suggested to spray rogor 40ec@2.5ml/liter of water at 15 days interval.,ரோகோர் 40இசி@2.5மிலி/லிட்டர் தண்ணீருக்கு 15 நாட்கள் இடைவெளியில் தெளிக்க பரிந்துரைக்கப்படுகிறது.
asking about treatment of mastitis of a cow.,ஒரு பசுவின் முலையழற்சி சிகிச்சை பற்றி கேட்டேன்.
suggested him to administer m-ceft inj i/mly.along with that administer ketop inj @3ml i/mly for 5 days.,m-ceft inj i/mly. உடன் ketop inj @3ml i/mly ஐ 5 நாட்களுக்கு நிர்வகிக்கும்படி அவருக்குப் பரிந்துரைத்தார்.
asking about vaccination schedule of broiler  chicks.,பிராய்லர் குஞ்சுகளுக்கு தடுப்பூசி போடும் அட்டவணை பற்றி கேட்டேன்.
"0-5days=f1ranikhet,10-15days=i.b.d.vaccine,20-21days=booster dose ranikhet.","0-5நாட்கள்=எஃப்1ராணிகெட்,10-15நாட்கள்=ஐ.பி.டி.தடுப்பூசி,20-21நாட்கள்=பூஸ்டர் டோஸ் ராணிகெட்."
asking for the control measure to control leaf eating caterpillar in lemon.,எலுமிச்சம்பழத்தில் இலை உண்ணும் கம்பளிப்பூச்சியைக் கட்டுப்படுத்த கட்டுப்பாட்டு நடவடிக்கையைக் கோருகிறது.
advised to spray 3 numbers of sprays of dimacron @ 4 milli litre per litre of water at an interval of 7 days.,7 நாட்கள் இடைவெளியில் ஒரு லிட்டர் தண்ணீருக்கு 4 மில்லி லிட்டர் டைமாக்ரான் 3 எண்கள் தெளிக்க அறிவுறுத்தப்பட்டது.
asking about financial assistance for dairy farming.,பால் பண்ணைக்கான நிதியுதவி குறித்து கேட்டனர்.
suggested to contact with nearest s.b.i.branch for loans &finances.,கடன்கள் மற்றும் நிதிகளுக்கு அருகிலுள்ள s.b.i. கிளையைத் தொடர்பு கொள்ள பரிந்துரைக்கப்படுகிறது.
asking about treatment of caugh of a goat.,ஒரு ஆட்டின் பிடிப்பு சிகிச்சை பற்றி கேட்டேன்.
"suggested him to administer caflon powder @10gm twice daily for 5 days,",5 நாட்களுக்கு தினமும் 10 கிராம் கேஃப்லான் பவுடரை இரண்டு முறை கொடுக்க அவருக்கு பரிந்துரைத்தார்.
asking about the control measure for fruit borer of bottle gourd.,சுரைக்காய் காய் துளைப்பான்களைக் கட்டுப்படுத்தும் நடவடிக்கை குறித்து கேட்டறிந்தார்.
suggested mr ghosh to spray malathion 50 ec @2ml/litre of water as the controlling measure for fruit borer of bottle gourd.,சுரைக்காய் காய் துளைப்பான்களைக் கட்டுப்படுத்தும் நடவடிக்கையாக மாலத்தியான் 50 இசி @2மிலி/லிட்டர் தண்ணீரில் தெளிக்க திரு கோஷ் பரிந்துரைத்தார்.
asking about some variety name of chilli.,மிளகாயின் சில வகைப் பெயர்களைக் கேட்டேன்.
"suggested to grow variety like-np-46,pusa jwala,suryamukhi,tejaswinee.","என்பி-46, பூசா ஜ்வாலா, சூர்யமுகி, தேஜஸ்வினி போன்ற வகைகளை வளர்க்க பரிந்துரைக்கப்படுகிறது."
asked about the control measure of fruit and stem borer of okra.,ஓக்ராவின் பழம் மற்றும் தண்டு துளைப்பான்களின் கட்டுப்பாட்டு நடவடிக்கை பற்றி கேட்டனர்.
suggested to spray the crop with malathion 50 ec @ 2 ml per lit of water.,மாலத்தியான் 50 இசி @ 2 மில்லி ஒரு லிட்டர் தண்ணீருக்கு பயிர்களுக்கு தெளிக்க பரிந்துரைக்கப்படுகிறது.
asking for the control measure to control rice case worm which is affecting his paddy cultivation very badly.,நெல் சாகுபடியை மிகவும் மோசமாக பாதிக்கும் நெற்பயிர் புழுவை கட்டுப்படுத்த நடவடிக்கை எடுக்க வேண்டும் என்று கேட்டுக் கொண்டார்.
suggested to spray chlorpyriphos 20 ec @ 2 milli litre per litre of water.,ஒரு லிட்டர் தண்ணீருக்கு குளோர்பைரிபாஸ் 20 இசி @ 2 மில்லி லிட்டர் தெளிக்க பரிந்துரைக்கப்படுகிறது.
asking about some early cabbage varieties.,சில ஆரம்ப முட்டைக்கோஸ் வகைகள் பற்றி கேட்கிறேன்.
"suggested to grow early variety like-golden acre,pride of india,pusa mukta etc.","தங்க ஏக்கர், இந்தியாவின் பெருமை, பூசா முக்தா போன்ற ஆரம்ப வகைகளை வளர்க்க பரிந்துரைக்கப்படுகிறது."
asking about the control measure to control anthracnose disease in chilli.,மிளகாயில் உள்ள ஆந்த்ராக்னோஸ் நோயை கட்டுப்படுத்தும் நடவடிக்கை குறித்து கேட்டறிந்தார்.
suggested to apply mancozeb@2.5gram/liter of water.,2.5 கிராம்/லிட்டர் தண்ணீருக்கு மான்கோசெப் பயன்படுத்த பரிந்துரைக்கப்படுகிறது.
asked about the control measure of root rot of bottle gourd.,பூசணிக்காயின் வேர் அழுகலை கட்டுப்படுத்தும் நடவடிக்கை குறித்து கேட்டறிந்தார்.
suggested to follow pre sowing seed treatment with captan 50 wp @ 5 gm per kg of seed.,ஒரு கிலோ விதைக்கு கேப்டான் 50 wp @ 5 gm உடன் விதைப்பதற்கு முன் விதை நேர்த்தி செய்ய பரிந்துரைக்கப்படுகிறது.
asking about some early variety name of cabbage.,முட்டைக்கோசின் சில ஆரம்ப வகைப் பெயர்களைப் பற்றி கேட்டேன்.
"suggested to grow early variety like-golden acre,pusa mukta,pride of india.","தங்க ஏக்கர், பூசா முக்தா, இந்தியாவின் பெருமை போன்ற ஆரம்ப வகைகளை வளர்க்க பரிந்துரைக்கப்படுகிறது."
asking about the planting time of betel vine,வெற்றிலை கொடியின் நடவு நேரம் குறித்து கேட்டனர்
april to august,ஏப்ரல் முதல் ஆகஸ்ட் வரை
asking about the fertilizer management of potato.,உருளைக்கிழங்கு உர மேலாண்மை பற்றி கேட்டறிந்தார்.
"suggested mr koiri to apply urea-19 kg,super-45kg,potash-12 kg and compost 2 quintal as per bigha.","கோயிரி யூரியா-19 கிலோ, சூப்பர்-45 கிலோ, பொட்டாஷ்-12 கிலோ மற்றும் பிகாவின் படி 2 குவிண்டால் உரம் இட வேண்டும் என்று பரிந்துரைத்தார்."
suggested to clean the wound with normal saline and then spray topicure spray over the affected area.,"காயத்தை சாதாரண உமிழ்நீரைக் கொண்டு சுத்தம் செய்யவும், பின்னர் பாதிக்கப்பட்ட பகுதியில் டாபிக்சர் ஸ்ப்ரேயை தெளிக்கவும்."
asking about some early cabbage variety.,சில ஆரம்ப முட்டைக்கோஸ் வகைகளைப் பற்றி கேட்கிறேன்.
"suggested in details regarding early cabbage variety like-golden acre,pride of india,pusa mukta etc.","கோல்டன் ஏக்கர், இந்தியாவின் பெருமை, பூசா முக்தா போன்ற ஆரம்பகால முட்டைக்கோஸ் வகைகளைப் பற்றிய விவரங்களில் பரிந்துரைக்கப்பட்டது."
asking about bloat of a calf.,ஒரு கன்றின் வீக்கம் பற்றி கேட்கிறது.
suggested him to administer floaratone bolus @1 bolus daily for3 days.,ஃப்ளோராடோன் போலஸ் @1 போலஸை தினமும் 3 நாட்களுக்கு வழங்க அவருக்கு பரிந்துரைத்தார்.
asking about the control measure of fruit and shoot borer,பழம் மற்றும் தளிர் துளைப்பான் கட்டுப்பாட்டு நடவடிக்கை பற்றி கேட்டறிந்தார்
suggested to spay malathion 50 ec @ 1.5 ml/liter water.,மாலத்தியான் 50 இசி @ 1.5 மிலி/லிட்டர் தண்ணீரில் தெளிக்க பரிந்துரைக்கப்படுகிறது.
asking for the control measure against fruit borers in cucumber.,வெள்ளரிக்காயில் பழம் துளைப்பான்களை கட்டுப்படுத்த நடவடிக்கை எடுக்க வேண்டும்.
advised to spray malathion 50ec @ 2 milli litre per litre of water followed by a waiting period of 10 days.,மாலத்தியான் 50இசி @ 2 மில்லி லிட்டர் தண்ணீருக்கு 10 நாட்கள் காத்திருப்பு காலத்தை தொடர்ந்து தெளிக்க அறிவுறுத்தப்பட்டது.
suggested to administer neblon powder @50 gm twice daily for five days.along with that administer tetracycline bolus @2 bolus twice daily for five days.,நெப்லான் பவுடர் @50 கிராம் தினசரி ஐந்து நாட்களுக்கு இரண்டு முறை கொடுக்க பரிந்துரைக்கப்படுகிறது. அதனுடன் டெட்ராசைக்ளின் போலஸ் @2 போலஸை தினமும் இரண்டு முறை ஐந்து நாட்களுக்கு வழங்கவும்.
asking that is there are any govt. schemes or subsidy if he goes for purchasing of knap sack sprayer.,ஏதாவது அரசு இருக்கிறதா என்று கேட்கிறார். அவர் நாப் சாக்கு தெளிப்பான் வாங்கச் சென்றால் திட்டங்கள் அல்லது மானியம்.
advised mr. guwala to coordinate with the district agriculture officer of his district.,அறிவுறுத்தினார் திரு. குவாலா தனது மாவட்டத்தின் மாவட்ட வேளாண் அதிகாரியுடன் ஒருங்கிணைக்க வேண்டும்.
details about fungicides,பூஞ்சைக் கொல்லிகள் பற்றிய விவரங்கள்
describe him in details,அவரை விரிவாக விவரிக்கவும்
asking about some variety name of cabbage.,முட்டைக்கோசின் பல்வேறு பெயர்களைக் கேட்டேன்.
"suggested in details about the early variety like-golden acre,pride of india,pusa mukta etc.","தங்க ஏக்கர், இந்தியாவின் பெருமை, பூசா முக்தா போன்ற ஆரம்ப வகைகளைப் பற்றிய விவரங்களில் பரிந்துரைக்கப்பட்டது."
asking about the control measure to control fruit rot problem in cucumber,வெள்ளரியில் பழ அழுகலைக் கட்டுப்படுத்துவதற்கான கட்டுப்பாட்டு நடவடிக்கை குறித்து கேட்டறிந்தார்
suggested to spray dithane m-45@2gram/liter of water followed by waiting period for 5-7 days.,"dithane m-45@2gram/liter தண்ணீர் தெளிக்கவும், அதன் பிறகு 5-7 நாட்கள் காத்திருக்கவும்."
suggested to administer neblon powder @50 gm twice daily for five days.along with that administer tetracycline bolus @2 bolus twice daily.,நெப்லான் பவுடர் @50 கிராம் தினசரி ஐந்து நாட்களுக்கு இரண்டு முறை கொடுக்க பரிந்துரைக்கப்படுகிறது. அதனுடன் டெட்ராசைக்ளின் போலஸ் @2 போலஸை தினமும் இரண்டு முறை வழங்கவும்.
telling that he has been asked for bribe by agricultural development officer and the vlew of his locality when he approached them for sanctioning of kisan credit card loan.,"கிசான் கிரெடிட் கார்டு கடனை அனுமதிப்பதற்காக தன்னை அணுகியபோது, ​​வேளாண் வளர்ச்சி அலுவலர் மற்றும் அவரது வட்டாரத்தைச் சேர்ந்த வாலிபரிடம் லஞ்சம் கேட்டதாகக் கூறினார்."
"advised mr. barman to lodge a complain against them in written to the concerned district agricultural officer, department of agriculture, govt. of assam. the farmer also suggested to approach nearest nationalised bank for kisan credit card loan.","அறிவுறுத்தினார் திரு. அவர்கள் மீது சம்பந்தப்பட்ட மாவட்ட வேளாண்மை அலுவலர், வேளாண்மைத் துறை, அரசுக்கு எழுத்துப்பூர்வமாக புகார் அளிக்க வேண்டும். அஸ்ஸாம். கிசான் கிரெடிட் கார்டு கடனுக்காக அருகிலுள்ள தேசியமயமாக்கப்பட்ட வங்கியை அணுகவும் விவசாயி பரிந்துரைத்தார்."
asking about treatment of bloat of a cow.,ஒரு பசுவின் வீக்கம் சிகிச்சை பற்றி கேட்டேன்.
suggested him to administer floaratone bolus @2bolus twice daily for 3 days.,floaratone bolus @2bolus ஐ தினமும் இரண்டு முறை 3 நாட்களுக்கு வழங்க அவருக்கு பரிந்துரைத்தார்.
asking about the control measure of shoot and fruit borer,தளிர் மற்றும் காய் துளைப்பான் ஆகியவற்றை கட்டுப்படுத்தும் முறை பற்றி கேட்டறிந்தார்
suggested to apply trichoderma card as biological control agent or spray malathion 50 ec @ 1.5ml/liter water.,டிரைக்கோடெர்மா அட்டையை உயிரியல் கட்டுப்பாட்டு முகவராகப் பயன்படுத்தவும் அல்லது மாலத்தியான் 50 இசி @ 1.5 மிலி/லிட்டர் தண்ணீரில் தெளிக்கவும் பரிந்துரைக்கப்படுகிறது.
suggested to administer neblon powder @50 gm twice daily for five days.,நெப்லான் பவுடர் @50 கிராம் தினமும் இரண்டு முறை ஐந்து நாட்களுக்கு கொடுக்க பரிந்துரைக்கப்படுகிறது.
asking about poultry farming.,கோழி வளர்ப்பு பற்றி கேட்டேன்.
"suggested him how to establish a poultry farming-chick selection,housing,vaccination,treatment,marketing etc.","கோழி வளர்ப்பு-குஞ்சு தேர்வு, வீட்டுவசதி, தடுப்பூசி, சிகிச்சை, சந்தைப்படுத்தல் போன்றவற்றை எவ்வாறு நிறுவுவது என்று அவருக்கு பரிந்துரைத்தார்."
asking about treatment of white diarrhoea of a poultry.,ஒரு கோழியின் வெள்ளை வயிற்றுப்போக்கு சிகிச்சை பற்றி கேட்கிறது.
suggested him to administer tetracycline powder @4gm in 4 ltr of water 2-3 times daily.,டெட்ராசைக்ளின் பவுடரை @4 கிராம் 4 லிட்டர் தண்ணீரில் தினமும் 2-3 முறை கொடுக்க அவருக்கு பரிந்துரைத்தார்.
asking for the control measure against fruit borers in brinjal.,கத்தரிக்காயில் பழம் துளைப்பான்களைக் கட்டுப்படுத்த நடவடிக்கை எடுக்க வேண்டும்.
suggested to spray decis 2.4ec @ 1 milli litre per litre of water.,ஒரு லிட்டர் தண்ணீருக்கு டெசிஸ் 2.4இசி @ 1 மில்லி லிட்டர் என்ற அளவில் தெளிக்க பரிந்துரைக்கப்படுகிறது.
asking about some varity name of tomato.,தக்காளியின் சில வகைப் பெயர்களைக் கேட்டேன்.
"suggested to grow variety like-punjam chhuhara,pusa early dwarf,pusa rubi,arka alok.","புஞ்சம் சூஹாரா, பூசா ஆரம்ப குள்ளன், பூசா ரூபி, அர்கா அலோக் போன்ற வகைகளை வளர்க்க பரிந்துரைக்கப்படுகிறது."
asking about the controlling measure for rice hispa.,நெல் ஹிஸ்பாவை கட்டுப்படுத்தும் நடவடிக்கை பற்றி கேட்டனர்.
suggested mr gokh to spray monocrotophos 40ec@4ml/litre of water for controlling rice hispa.,நெல் ஹிஸ்பாவை கட்டுப்படுத்த மோனோகுரோட்டோபாஸ் 40இசி@4மிலி/லிட்டர் தண்ணீரில் தெளிக்க கோக் பரிந்துரைத்தார்.
asking about the control measure to control rice case worm pest in paddy field.,நெல் வயலில் நெற்பயிர் பூச்சியைக் கட்டுப்படுத்துவதற்கான கட்டுப்பாட்டு நடவடிக்கை குறித்து கேட்டறிந்தார்.
suggested to spray tricel 20ec@2mililiter/liter of water.,டிரைசல் 20இசி@2மிலி/லிட்டர் தண்ணீர் தெளிக்க பரிந்துரைக்கப்படுகிறது.
asking the fertilizer dose of knol khol to be cultivated in a land of 1 bigha along with the planting distance.,நடவு தூரத்துடன் 1 பிகா நிலத்தில் பயிரிடப்படும் நோல் கோலின் உர அளவைக் கேட்கிறது.
"23, 41, 13 and 200 kilo grams of urea, ssp, mop and farm yard manure respectively have been suggested for 1 bigha of land for knol khol cultivation. planting distance suggested is 30 centimetre from row to row and 25 centimetre from plant to plant.","23, 41, 13 மற்றும் 200 கிலோகிராம் யூரியா, எஸ்எஸ்பி, துடைப்பான் மற்றும் பண்ணை முற்றத்தில் உரம் ஆகியவை முறையே 1 பிகா நிலத்தில் நோல் கோல் சாகுபடிக்கு பரிந்துரைக்கப்பட்டுள்ளன. நடவு தூரம் வரிசையிலிருந்து வரிசைக்கு 30 சென்டிமீட்டர் மற்றும் செடியிலிருந்து செடிக்கு 25 சென்டிமீட்டர் என பரிந்துரைக்கப்படுகிறது."
asking about the controlling measure for fruit borer of brinjal.,கத்திரிக்காய் பழம் துளைப்பான் கட்டுப்படுத்தும் நடவடிக்கை பற்றி கேட்டறிந்தார்.
suggested to spray malathion 50 ec@2ml/litre of water for controlling fruit borer of brinjal.,கத்தரிக்காயில் பழம் துளைப்பான்களைக் கட்டுப்படுத்த மாலத்தியான் 50 இசி@2மிலி/லிட்டர் தண்ணீரில் தெளிக்க பரிந்துரைக்கப்படுகிறது.
"suggested to grow variety like-pusa jwala,suryamukhi,tejaswini,hyb-1,hyb-2,hyb-3","பூசா ஜ்வாலா, சூர்யமுகி, தேஜஸ்வினி, ஹைப்-1, ஹைப்-2, ஹைப்-3 போன்ற வகைகளை வளர்க்க பரிந்துரைக்கப்பட்டது."
asking about the age of castration in goat.,ஆட்டின் காஸ்ட்ரேஷன் வயதைக் கேட்கிறது.
the proper age for castration in case goat is 2-3 month of age.,ஒரு ஆடு 2-3 மாத வயதாக இருந்தால் காஸ்ட்ரேஷன் செய்வதற்கான சரியான வயது.
suggested mr laskar to spray malathion 50ec@2ml/litre of water for controlling fruit borer of brinjal.,கத்தரிக்காய் பழம் துளைப்பான்களைக் கட்டுப்படுத்த மாலத்தியான் 50இசி@2மிலி/லிட்டர் தண்ணீரில் தெளிக்க லஸ்கர் பரிந்துரைத்தார்.
asking about the control measure to control termite infestation in root portion of brinjal.,கத்தரிக்காயின் வேர் பகுதியில் கரையான் தாக்குதலைக் கட்டுப்படுத்துவதற்கான கட்டுப்பாட்டு நடவடிக்கை பற்றி கேட்டறிந்தார்.
suggested to apply furadon 3g@10gram/plant near the base around the root.,ஃபுராடான் 3g@10கிராம்/செடியை வேரைச் சுற்றி அடிப்பகுதிக்கு அருகில் இட வேண்டும்.
asking for the control meausure against aphids in black gram cultivation.,உளுந்து சாகுபடியில் அசுவினிக்கு எதிரான கட்டுப்பாட்டு நடவடிக்கையை கோருகிறது.
rogor 40ec solution @ 75 milli litre in 60 litres of water for per bigha of land has been suggested to be sparyed for such pests.,ஒரு பிகா நிலத்திற்கு 60 லிட்டர் தண்ணீரில் 75 மில்லி லிட்டர் ரோகோர் 40இசி கரைசல் போன்ற பூச்சிகளுக்கு தெளிக்க பரிந்துரைக்கப்படுகிறது.
asking about treatment of eye infection in cow.,பசுவின் கண் தொற்று சிகிச்சை பற்றி கேட்டறிந்தார்.
suggested to give ciplx eye drop @5 drops twice daily for five days.,சிபிஎல்எக்ஸ் கண் சொட்டு @5 சொட்டுகள் ஐந்து நாட்களுக்கு தினமும் இரண்டு முறை கொடுக்க பரிந்துரைக்கப்படுகிறது.
asking about the control measure to control leaf curl disease in chilli.,மிளகாயில் இலை சுருட்டு நோயை கட்டுப்படுத்துவதற்கான தடுப்பு நடவடிக்கை குறித்து கேட்டறிந்தார்.
suggested to spray rogor 40ec@2mililiter/liter of water followed by waiting period for 5-7 days.,"ரோகோர் 40இசி@2மிலி/லிட்டர் தண்ணீர் தெளிக்கவும், அதன் பிறகு 5-7 நாட்கள் காத்திருக்கவும்."
asking about the varieties of chilli.,மிளகாய் வகைகள் பற்றி கேட்டறிந்தார்.
