parcel_id,farmer_id,district,taluk,village,survey_no,subdivision_no,area,latitude,longitude,land_category,irrigation_source,soil_type
P0001,F0078,Cuddalore,Virudhachalam,Parangipettai,525/3,1,0.63,11.472484,79.412281,Garden Land,Borewell,Loam
P0002,F0160,Thanjavur,Kumbakonam,Ayyampettai,456/16,1,0.58,10.671533,79.392135,Dryland,River,Loam
P0003,F0035,Thanjavur,Orathanadu,Ayyampettai,969/11,1,0.67,10.650132,79.405093,Garden Land,Borewell,Clay Loam
P0004,F0265,Cuddalore,Virudhachalam,Kurinjipadi,573/8,4,2.09,11.387227,79.480068,Garden Land,Borewell,Clay Loam
P0005,F0328,Cuddalore,Virudhachalam,Kurinjipadi,302/15,5,2.66,11.628654,79.597791,Dryland,River,Clay
P0006,F0110,Cuddalore,Cuddalore,Sethiathope,164/19,1,0.7,11.402892,79.776163,Garden Land,Borewell,Loam
P0007,F0167,Thanjavur,Kumbakonam,Ayyampettai,601/17,3,0.74,10.598537,79.056977,Garden Land,River,Alluvial
P0008,F0201,Cuddalore,Chidambaram,Sethiathope,732/6,3,1.98,11.593502,79.573962,Garden Land,Rainfed,Clay
P0009,F0345,Cuddalore,Virudhachalam,Kumaratchi,287/12,2,0.68,11.366974,79.458931,Garden Land,River,Sandy Loam
P0010,F0306,Thanjavur,Papanasam,Budalur,750/18,2,0.89,10.568934,79.191855,Garden Land,Borewell,Sandy Loam
P0011,F0148,Thanjavur,Orathanadu,Thiruvaiyaru,154/12,1,1.74,10.570148,79.15729,Dryland,Borewell,Clay Loam
P0012,F0197,Thanjavur,Papanasam,Ammapettai,801/16,4,1.75,10.981915,79.252719,Garden Land,River,Sandy Loam
P0013,F0086,Cuddalore,Virudhachalam,Kurinjipadi,399/2,3,2.74,11.341335,79.41543,Wetland,Rainfed,Loam
P0014,F0087,Cuddalore,Virudhachalam,Sethiathope,607/18,5,2.01,11.69037,79.682825,Wetland,Rainfed,Clay
P0015,F0138,Cuddalore,Chidambaram,Kumaratchi,942/2,4,1.47,11.687557,79.811641,Garden Land,Borewell,Sandy Loam
P0016,F0053,Cuddalore,Virudhachalam,Sethiathope,995/2,4,0.96,11.667994,79.726836,Dryland,Tank,Clay
P0017,F0225,Cuddalore,Cuddalore,Nallur,314/19,3,2.9,11.732645,79.458693,Garden Land,Rainfed,Sandy Loam
P0018,F0085,Cuddalore,Virudhachalam,Kumaratchi,924/2,5,1.11,11.608076,79.792425,Dryland,Rainfed,Loam
P0019,F0306,Thanjavur,Papanasam,Budalur,396/19,3,2.55,10.769384,79.161827,Garden Land,Canal,Clay Loam
P0020,F0211,Thanjavur,Orathanadu,Ayyampettai,229/5,2,3.07,10.959384,79.496243,Wetland,Tank,Clay Loam
P0021,F0347,Cuddalore,Cuddalore,Parangipettai,742/14,4,2.32,11.49635,79.471086,Dryland,Canal,Clay
P0022,F0207,Thanjavur,Thanjavur,Thiruvaiyaru,477/15,4,2.06,10.757807,79.139113,Dryland,Rainfed,Clay
P0023,F0048,Thanjavur,Kumbakonam,Melattur,466/3,5,2.43,10.865466,79.229225,Dryland,Borewell,Sandy Loam
P0024,F0109,Cuddalore,Cuddalore,Kumaratchi,660/19,2,1.21,11.547357,79.561433,Garden Land,River,Loam
P0025,F0350,Thanjavur,Papanasam,Budalur,956/15,1,2.3,10.881127,79.022971,Wetland,Borewell,Sandy Loam
P0026,F0234,Thanjavur,Orathanadu,Ammapettai,805/5,3,0.89,10.500338,79.479016,Wetland,Tank,Clay
P0027,F0336,Cuddalore,Cuddalore,Parangipettai,764/6,1,2.43,11.480218,79.44121,Dryland,Tank,Clay Loam
P0028,F0220,Cuddalore,Cuddalore,Parangipettai,588/3,2,0.3,11.627743,79.751849,Garden Land,Borewell,Alluvial
P0029,F0349,Cuddalore,Virudhachalam,Nallur,223/14,2,0.4,11.522533,79.404031,Dryland,Canal,Clay Loam
P0030,F0197,Thanjavur,Papanasam,Ammapettai,476/10,2,0.6,10.544666,79.402978,Dryland,Borewell,Clay Loam
P0031,F0036,Thanjavur,Thanjavur,Ayyampettai,550/12,2,0.76,10.765254,79.004237,Garden Land,Borewell,Sandy Loam
P0032,F0316,Thanjavur,Thanjavur,Ammapettai,202/5,1,0.58,10.843283,79.429981,Garden Land,River,Loam
P0033,F0220,Cuddalore,Cuddalore,Parangipettai,186/8,5,1.19,11.457252,79.469915,Garden Land,Rainfed,Alluvial
P0034,F0146,Thanjavur,Papanasam,Thiruvaiyaru,774/10,2,3.01,10.889485,79.345238,Garden Land,Rainfed,Alluvial
P0035,F0097,Thanjavur,Thanjavur,Ayyampettai,912/8,4,0.36,10.873922,79.147771,Dryland,Canal,Clay Loam
P0036,F0256,Thanjavur,Papanasam,Budalur,112/12,3,3.14,10.819041,79.035506,Wetland,River,Alluvial
P0037,F0216,Cuddalore,Cuddalore,Parangipettai,888/3,1,2.74,11.482706,79.741471,Garden Land,Canal,Clay
P0038,F0135,Thanjavur,Kumbakonam,Melattur,507/17,3,3.34,10.607871,79.46129,Garden Land,Rainfed,Sandy Loam
P0039,F0217,Cuddalore,Chidambaram,Kurinjipadi,730/5,3,0.66,11.650905,79.441214,Wetland,Tank,Clay
P0040,F0262,Cuddalore,Virudhachalam,Kurinjipadi,434/13,5,0.8,11.760462,79.887157,Garden Land,Canal,Loam
P0041,F0224,Cuddalore,Virudhachalam,Parangipettai,188/14,1,0.49,11.664979,79.823234,Dryland,Rainfed,Alluvial
P0042,F0029,Thanjavur,Kumbakonam,Budalur,222/1,2,1.47,10.654645,79.370847,Garden Land,Canal,Clay Loam
P0043,F0255,Cuddalore,Chidambaram,Sethiathope,838/9,2,2.81,11.776508,79.661503,Dryland,Borewell,Loam
P0044,F0061,Thanjavur,Papanasam,Ayyampettai,378/17,1,2.88,10.885715,79.014678,Dryland,Rainfed,Clay
P0045,F0255,Cuddalore,Chidambaram,Sethiathope,680/6,3,1.9,11.527599,79.580062,Wetland,Tank,Clay
P0046,F0294,Thanjavur,Thanjavur,Thiruvaiyaru,102/2,1,2.67,10.83706,79.057667,Wetland,Canal,Sandy Loam
P0047,F0187,Cuddalore,Chidambaram,Kumaratchi,978/2,5,0.96,11.49149,79.475042,Garden Land,River,Clay Loam
P0048,F0165,Cuddalore,Virudhachalam,Nallur,945/3,5,1.11,11.424132,79.857927,Dryland,Canal,Alluvial
P0049,F0345,Cuddalore,Virudhachalam,Kumaratchi,147/13,1,1.3,11.750971,79.489672,Dryland,Tank,Loam
P0050,F0168,Thanjavur,Papanasam,Budalur,398/19,3,1.48,10.543193,79.228373,Garden Land,Rainfed,Clay Loam
P0051,F0238,Thanjavur,Kumbakonam,Melattur,894/7,5,2.91,10.684137,79.485929,Wetland,Borewell,Clay
P0052,F0210,Thanjavur,Orathanadu,Ammapettai,810/1,3,2.34,10.511955,79.270773,Wetland,River,Loam
P0053,F0054,Cuddalore,Panruti,Nallur,161/5,3,0.72,11.402597,79.891558,Wetland,Canal,Clay Loam
P0054,F0267,Cuddalore,Panruti,Nallur,865/3,5,1.77,11.506528,79.847789,Wetland,Rainfed,Clay Loam
P0055,F0327,Cuddalore,Panruti,Kurinjipadi,545/5,2,2.12,11.709981,79.437415,Dryland,Tank,Loam
P0056,F0202,Thanjavur,Orathanadu,Budalur,378/8,1,1.32,10.850363,79.367676,Wetland,Borewell,Alluvial
P0057,F0056,Cuddalore,Chidambaram,Parangipettai,516/4,5,1.79,11.377705,79.482187,Dryland,Borewell,Sandy Loam
P0058,F0158,Cuddalore,Panruti,Nallur,926/10,5,0.44,11.531673,79.826241,Wetland,Borewell,Loam
P0059,F0076,Cuddalore,Cuddalore,Kumaratchi,625/2,3,0.73,11.345606,79.524109,Dryland,Borewell,Clay
P0060,F0208,Cuddalore,Chidambaram,Nallur,196/15,1,1.59,11.727301,79.677977,Wetland,Canal,Clay
P0061,F0032,Thanjavur,Orathanadu,Ammapettai,943/13,3,0.72,10.915186,79.491284,Garden Land,Canal,Alluvial
P0062,F0301,Thanjavur,Orathanadu,Ammapettai,166/7,4,0.37,10.62941,79.406374,Wetland,Canal,Loam
P0063,F0063,Cuddalore,Virudhachalam,Kumaratchi,687/14,4,0.84,11.321348,79.630497,Dryland,Canal,Sandy Loam
P0064,F0350,Thanjavur,Papanasam,Budalur,381/9,4,3.21,10.713332,79.176972,Wetland,Canal,Alluvial
P0065,F0318,Cuddalore,Cuddalore,Nallur,663/16,1,1.9,11.608489,79.723639,Wetland,Tank,Sandy Loam
P0066,F0071,Thanjavur,Orathanadu,Budalur,355/18,1,2.44,10.709617,79.321326,Dryland,Tank,Sandy Loam
P0067,F0279,Thanjavur,Orathanadu,Budalur,429/13,3,2.11,10.890718,79.172017,Wetland,Canal,Loam
P0068,F0306,Thanjavur,Papanasam,Budalur,159/16,5,2.79,10.60951,79.447882,Dryland,Rainfed,Clay Loam
P0069,F0082,Thanjavur,Papanasam,Ammapettai,935/2,2,1.15,10.550067,79.328432,Garden Land,River,Loam
P0070,F0089,Cuddalore,Cuddalore,Kumaratchi,814/12,5,2.88,11.38805,79.69626,Wetland,Tank,Alluvial
P0071,F0289,Thanjavur,Papanasam,Ammapettai,929/16,5,2.95,10.571051,79.474184,Dryland,Borewell,Sandy Loam
P0072,F0020,Thanjavur,Thanjavur,Budalur,639/16,1,1.0,10.545129,79.116312,Dryland,Rainfed,Clay Loam
P0073,F0067,Cuddalore,Virudhachalam,Sethiathope,989/11,1,2.87,11.47038,79.48873,Wetland,Borewell,Alluvial
P0074,F0073,Cuddalore,Cuddalore,Parangipettai,174/12,4,2.4,11.687183,79.82324,Garden Land,Canal,Loam
P0075,F0155,Thanjavur,Kumbakonam,Ammapettai,547/16,3,2.64,10.661302,79.48793,Wetland,Rainfed,Alluvial
P0076,F0183,Cuddalore,Virudhachalam,Parangipettai,414/10,2,0.86,11.411619,79.694475,Wetland,Canal,Alluvial
P0077,F0201,Cuddalore,Chidambaram,Sethiathope,286/20,3,1.43,11.725378,79.785415,Garden Land,Borewell,Alluvial
P0078,F0054,Cuddalore,Panruti,Nallur,343/12,3,1.05,11.768344,79.470322,Wetland,Canal,Loam
P0079,F0229,Cuddalore,Panruti,Parangipettai,458/9,1,1.73,11.305698,79.504842,Garden Land,Canal,Clay
P0080,F0198,Cuddalore,Chidambaram,Kurinjipadi,523/16,4,0.83,11.51911,79.609827,Dryland,Rainfed,Sandy Loam
P0081,F0052,Thanjavur,Thanjavur,Melattur,876/8,2,2.14,10.914403,79.394365,Dryland,Canal,Clay
P0082,F0151,Thanjavur,Orathanadu,Thiruvaiyaru,450/6,4,0.35,10.510039,79.130564,Wetland,Canal,Alluvial
P0083,F0048,Thanjavur,Kumbakonam,Melattur,821/1,4,3.16,10.668975,79.492638,Garden Land,Borewell,Alluvial
P0084,F0223,Cuddalore,Cuddalore,Parangipettai,294/14,5,0.96,11.378552,79.450629,Garden Land,Rainfed,Loam
P0085,F0339,Thanjavur,Papanasam,Melattur,685/18,4,0.46,10.640762,79.118774,Wetland,Canal,Loam
P0086,F0002,Thanjavur,Thanjavur,Ammapettai,714/16,2,0.9,10.713803,79.147275,Wetland,Canal,Clay Loam
P0087,F0088,Thanjavur,Orathanadu,Melattur,218/10,4,1.82,10.819095,79.488529,Dryland,River,Loam
P0088,F0047,Cuddalore,Virudhachalam,Kurinjipadi,490/12,2,0.49,11.620933,79.593764,Dryland,Canal,Loam
P0089,F0226,Thanjavur,Kumbakonam,Ayyampettai,163/5,1,1.16,10.732529,79.113121,Wetland,Tank,Alluvial
P0090,F0212,Cuddalore,Chidambaram,Kurinjipadi,960/13,5,1.62,11.785353,79.694863,Dryland,Rainfed,Sandy Loam
P0091,F0294,Thanjavur,Thanjavur,Thiruvaiyaru,974/2,5,0.55,10.940827,79.238131,Garden Land,Rainfed,Alluvial
P0092,F0347,Cuddalore,Cuddalore,Parangipettai,559/6,2,3.34,11.791377,79.473724,Wetland,Borewell,Clay Loam
P0093,F0022,Thanjavur,Papanasam,Budalur,942/5,5,1.69,10.711687,79.49414,Dryland,Tank,Clay
P0094,F0045,Thanjavur,Papanasam,Melattur,382/17,4,1.34,10.69405,79.198677,Wetland,Rainfed,Alluvial
P0095,F0268,Cuddalore,Chidambaram,Parangipettai,680/19,5,0.38,11.690843,79.456259,Wetland,Canal,Alluvial
P0096,F0052,Thanjavur,Thanjavur,Melattur,998/14,3,3.11,10.892873,79.433738,Dryland,River,Alluvial
P0097,F0312,Thanjavur,Thanjavur,Thiruvaiyaru,733/20,4,1.59,10.736523,79.0861,Wetland,River,Loam
P0098,F0122,Thanjavur,Thanjavur,Thiruvaiyaru,481/1,3,1.16,10.524645,79.237609,Dryland,Tank,Loam
P0099,F0252,Cuddalore,Cuddalore,Kumaratchi,333/5,3,0.86,11.729117,79.742426,Garden Land,River,Loam
P0100,F0138,Cuddalore,Chidambaram,Kumaratchi,552/7,4,0.59,11.6644,79.70249,Garden Land,River,Alluvial
P0101,F0192,Thanjavur,Thanjavur,Melattur,418/17,4,0.81,10.910509,79.257635,Wetland,Rainfed,Alluvial
P0102,F0015,Thanjavur,Thanjavur,Budalur,159/8,1,0.91,10.586869,79.43759,Dryland,Canal,Loam
P0103,F0102,Thanjavur,Kumbakonam,Ayyampettai,750/4,1,1.84,10.636989,79.411753,Wetland,Tank,Sandy Loam
P0104,F0305,Thanjavur,Thanjavur,Budalur,664/12,3,1.82,10.723052,79.48026,Wetland,Tank,Clay
P0105,F0146,Thanjavur,Papanasam,Thiruvaiyaru,898/7,2,3.03,10.513725,79.024826,Garden Land,Borewell,Clay Loam
P0106,F0138,Cuddalore,Chidambaram,Kumaratchi,885/1,4,3.07,11.625794,79.656641,Wetland,Borewell,Alluvial
P0107,F0005,Cuddalore,Cuddalore,Kumaratchi,829/9,4,1.18,11.411885,79.704172,Dryland,Tank,Sandy Loam
P0108,F0130,Cuddalore,Panruti,Sethiathope,738/13,5,1.89,11.409105,79.551073,Wetland,Canal,Alluvial
P0109,F0340,Thanjavur,Thanjavur,Melattur,708/20,3,1.69,10.983243,79.419689,Dryland,Canal,Sandy Loam
P0110,F0033,Cuddalore,Virudhachalam,Sethiathope,383/9,3,1.34,11.468142,79.538242,Wetland,Borewell,Alluvial
P0111,F0124,Cuddalore,Virudhachalam,Sethiathope,714/13,3,2.87,11.749844,79.802715,Garden Land,Borewell,Clay
P0112,F0336,Cuddalore,Cuddalore,Parangipettai,514/13,1,3.2,11.548686,79.547802,Garden Land,Rainfed,Clay Loam
P0113,F0176,Thanjavur,Papanasam,Budalur,903/16,3,0.85,10.863275,79.111182,Garden Land,Tank,Clay Loam
P0114,F0337,Thanjavur,Orathanadu,Melattur,231/9,5,0.42,10.938247,79.090568,Wetland,Tank,Clay
P0115,F0114,Thanjavur,Papanasam,Budalur,907/11,3,1.28,10.677642,79.372105,Dryland,Rainfed,Loam
P0116,F0238,Thanjavur,Kumbakonam,Melattur,697/19,5,2.57,10.925607,79.235268,Wetland,River,Clay Loam
P0117,F0257,Thanjavur,Papanasam,Melattur,523/2,2,1.97,10.559908,79.340349,Wetland,Borewell,Loam
P0118,F0210,Thanjavur,Orathanadu,Ammapettai,246/11,2,3.46,10.993596,79.446423,Wetland,River,Loam
P0119,F0324,Cuddalore,Cuddalore,Sethiathope,562/9,2,0.49,11.79332,79.556707,Wetland,Rainfed,Clay Loam
P0120,F0251,Cuddalore,Cuddalore,Nallur,544/14,4,0.71,11.692605,79.789876,Dryland,River,Sandy Loam
P0121,F0003,Thanjavur,Orathanadu,Melattur,114/11,5,1.49,10.518863,79.099707,Wetland,Canal,Clay
P0122,F0321,Cuddalore,Panruti,Kumaratchi,419/5,1,0.99,11.666802,79.513133,Dryland,Rainfed,Alluvial
P0123,F0157,Thanjavur,Papanasam,Melattur,397/15,5,0.6,10.58351,79.411922,Garden Land,Rainfed,Loam
P0124,F0223,Cuddalore,Cuddalore,Parangipettai,601/12,2,1.4,11.743987,79.897736,Wetland,River,Clay
P0125,F0117,Cuddalore,Cuddalore,Kurinjipadi,122/19,5,0.76,11.412161,79.89244,Wetland,Canal,Loam
P0126,F0334,Cuddalore,Panruti,Nallur,889/18,5,1.06,11.696064,79.587596,Wetland,Rainfed,Clay
P0127,F0339,Thanjavur,Papanasam,Melattur,218/14,4,0.45,10.554057,79.41806,Dryland,Canal,Alluvial
P0128,F0130,Cuddalore,Panruti,Sethiathope,745/1,3,2.42,11.537198,79.476564,Dryland,Canal,Alluvial
P0129,F0139,Cuddalore,Virudhachalam,Parangipettai,207/17,5,0.41,11.611399,79.750363,Wetland,Tank,Clay
P0130,F0055,Cuddalore,Cuddalore,Kumaratchi,951/17,2,2.79,11.54887,79.704501,Dryland,River,Loam
P0131,F0083,Cuddalore,Chidambaram,Nallur,592/11,2,0.96,11.319703,79.648177,Wetland,Canal,Clay
P0132,F0057,Thanjavur,Papanasam,Budalur,192/17,1,0.7,10.917616,79.334511,Garden Land,Canal,Loam
P0133,F0330,Cuddalore,Cuddalore,Parangipettai,575/2,1,1.25,11.41558,79.894333,Wetland,Canal,Loam
P0134,F0185,Thanjavur,Thanjavur,Melattur,197/2,1,1.87,10.900798,79.156354,Wetland,Borewell,Loam
P0135,F0184,Thanjavur,Thanjavur,Ayyampettai,850/3,3,1.16,10.947264,79.477545,Dryland,Borewell,Clay
P0136,F0206,Thanjavur,Papanasam,Ammapettai,806/16,4,2.97,10.700125,79.228269,Garden Land,Borewell,Clay
P0137,F0068,Cuddalore,Panruti,Kurinjipadi,263/4,4,3.32,11.648085,79.429323,Garden Land,River,Alluvial
P0138,F0348,Thanjavur,Kumbakonam,Thiruvaiyaru,726/1,2,1.43,10.719081,79.305662,Dryland,River,Clay
P0139,F0211,Thanjavur,Orathanadu,Ayyampettai,112/17,5,2.4,10.720344,79.031668,Garden Land,Rainfed,Clay Loam
P0140,F0343,Cuddalore,Chidambaram,Parangipettai,733/4,4,2.38,11.736572,79.65955,Garden Land,Borewell,Sandy Loam
P0141,F0178,Cuddalore,Chidambaram,Parangipettai,946/18,5,0.65,11.631855,79.720702,Wetland,Canal,Clay Loam
P0142,F0259,Thanjavur,Papanasam,Ammapettai,176/16,3,3.08,10.924423,79.425936,Wetland,Tank,Loam
P0143,F0026,Thanjavur,Kumbakonam,Budalur,936/8,1,1.51,10.753465,79.275248,Dryland,River,Alluvial
P0144,F0230,Thanjavur,Orathanadu,Ayyampettai,609/1,1,0.64,10.54401,79.249228,Dryland,River,Clay
P0145,F0286,Cuddalore,Cuddalore,Nallur,733/10,5,2.83,11.574549,79.812954,Garden Land,Borewell,Sandy Loam
P0146,F0175,Thanjavur,Orathanadu,Budalur,565/11,5,1.01,10.681671,79.027138,Garden Land,Rainfed,Sandy Loam
P0147,F0337,Thanjavur,Orathanadu,Melattur,774/8,1,0.42,10.681647,79.226266,Dryland,Tank,Loam
P0148,F0281,Cuddalore,Virudhachalam,Parangipettai,268/16,2,0.45,11.560993,79.751048,Garden Land,River,Clay
P0149,F0131,Cuddalore,Cuddalore,Kurinjipadi,502/7,4,3.28,11.605426,79.493772,Wetland,Tank,Clay
P0150,F0213,Thanjavur,Kumbakonam,Ammapettai,226/15,4,2.45,10.52325,79.31662,Garden Land,Rainfed,Alluvial
P0151,F0069,Cuddalore,Panruti,Kumaratchi,666/14,5,0.87,11.781927,79.402169,Dryland,Rainfed,Clay Loam
P0152,F0297,Thanjavur,Thanjavur,Budalur,773/20,5,0.63,10.586825,79.407622,Dryland,Rainfed,Sandy Loam
P0153,F0215,Thanjavur,Thanjavur,Thiruvaiyaru,380/13,3,1.83,10.98975,79.457955,Dryland,River,Clay Loam
P0154,F0071,Thanjavur,Orathanadu,Budalur,406/18,3,2.31,10.706373,79.350007,Garden Land,Rainfed,Clay Loam
P0155,F0103,Cuddalore,Cuddalore,Sethiathope,788/5,2,2.5,11.404856,79.757192,Garden Land,Rainfed,Loam
P0156,F0060,Cuddalore,Virudhachalam,Kumaratchi,783/14,5,2.16,11.680388,79.68114,Dryland,River,Clay
P0157,F0268,Cuddalore,Chidambaram,Parangipettai,157/7,3,0.33,11.353235,79.590435,Wetland,Tank,Loam
P0158,F0075,Cuddalore,Chidambaram,Kumaratchi,871/18,1,1.24,11.719691,79.745297,Dryland,River,Clay
P0159,F0316,Thanjavur,Thanjavur,Ammapettai,860/18,4,3.07,10.934018,79.369746,Wetland,Rainfed,Loam
P0160,F0341,Cuddalore,Virudhachalam,Parangipettai,907/11,5,1.63,11.32349,79.590791,Wetland,Canal,Loam
P0161,F0104,Thanjavur,Papanasam,Ammapettai,949/8,3,1.5,10.810281,79.390462,Garden Land,Rainfed,Alluvial
P0162,F0101,Thanjavur,Kumbakonam,Ayyampettai,281/3,2,1.24,10.888073,79.482145,Wetland,Rainfed,Clay
P0163,F0194,Thanjavur,Thanjavur,Thiruvaiyaru,264/19,3,0.54,10.520317,79.139556,Wetland,Tank,Sandy Loam
P0164,F0080,Thanjavur,Thanjavur,Ayyampettai,892/20,3,1.1,10.51997,79.464314,Dryland,Rainfed,Alluvial
P0165,F0184,Thanjavur,Thanjavur,Ayyampettai,288/17,1,1.98,10.53644,79.353841,Garden Land,Borewell,Sandy Loam
P0166,F0279,Thanjavur,Orathanadu,Budalur,318/11,3,1.01,10.768518,79.045973,Dryland,Tank,Clay Loam
P0167,F0317,Thanjavur,Kumbakonam,Ammapettai,764/1,1,1.82,10.765249,79.498316,Garden Land,Tank,Sandy Loam
P0168,F0124,Cuddalore,Virudhachalam,Sethiathope,140/11,4,2.29,11.752248,79.706851,Wetland,River,Loam
P0169,F0277,Thanjavur,Papanasam,Melattur,888/12,5,1.95,10.861988,79.012353,Garden Land,River,Sandy Loam
P0170,F0023,Cuddalore,Chidambaram,Kurinjipadi,184/4,2,0.52,11.448217,79.725764,Garden Land,Rainfed,Clay
P0171,F0321,Cuddalore,Panruti,Kumaratchi,985/14,1,0.91,11.332736,79.735168,Wetland,Rainfed,Sandy Loam
P0172,F0332,Cuddalore,Cuddalore,Nallur,124/15,3,1.82,11.708377,79.43606,Wetland,Canal,Clay
P0173,F0028,Thanjavur,Orathanadu,Thiruvaiyaru,941/8,3,0.53,10.588996,79.125954,Dryland,River,Sandy Loam
P0174,F0323,Cuddalore,Virudhachalam,Nallur,221/18,1,1.55,11.502224,79.558202,Garden Land,Rainfed,Clay
P0175,F0300,Thanjavur,Orathanadu,Thiruvaiyaru,614/4,3,1.11,10.522758,79.424126,Garden Land,Tank,Alluvial
P0176,F0045,Thanjavur,Papanasam,Melattur,941/1,4,1.52,10.640759,79.463345,Wetland,Rainfed,Clay Loam
P0177,F0070,Cuddalore,Cuddalore,Kurinjipadi,402/5,3,1.43,11.673377,79.798385,Garden Land,Tank,Clay
P0178,F0284,Thanjavur,Kumbakonam,Budalur,686/20,4,0.36,10.937383,79.070687,Garden Land,Rainfed,Clay
P0179,F0157,Thanjavur,Papanasam,Melattur,316/14,5,1.04,10.605026,79.370715,Wetland,Borewell,Clay Loam
P0180,F0114,Thanjavur,Papanasam,Budalur,787/19,1,0.67,10.808442,79.126371,Garden Land,River,Alluvial
P0181,F0038,Cuddalore,Panruti,Kurinjipadi,843/19,4,0.52,11.445326,79.433681,Dryland,Tank,Clay Loam
P0182,F0344,Thanjavur,Thanjavur,Budalur,298/11,4,2.28,10.827736,79.050023,Dryland,Tank,Alluvial
P0183,F0338,Thanjavur,Kumbakonam,Budalur,473/11,4,1.58,10.652838,79.292085,Wetland,Canal,Loam
P0184,F0127,Thanjavur,Thanjavur,Melattur,383/12,2,2.35,10.89283,79.3561,Garden Land,Tank,Sandy Loam
P0185,F0237,Cuddalore,Chidambaram,Kurinjipadi,211/6,5,1.86,11.522679,79.787383,Wetland,Tank,Clay Loam
P0186,F0276,Thanjavur,Thanjavur,Thiruvaiyaru,844/3,1,1.76,10.598216,79.366772,Garden Land,Canal,Alluvial
P0187,F0042,Thanjavur,Thanjavur,Ammapettai,245/3,1,1.2,10.7867,79.1378,Wetland,Canal,Clay Loam
P0188,F0188,Cuddalore,Panruti,Sethiathope,977/10,2,0.75,11.496249,79.845719,Dryland,Rainfed,Alluvial
P0189,F0047,Cuddalore,Virudhachalam,Kurinjipadi,968/20,2,0.64,11.498393,79.651084,Garden Land,Borewell,Sandy Loam
P0190,F0082,Thanjavur,Papanasam,Ammapettai,249/16,3,2.41,10.589573,79.474356,Wetland,Borewell,Sandy Loam
P0191,F0119,Thanjavur,Thanjavur,Ayyampettai,311/17,3,0.44,10.531431,79.184718,Dryland,River,Sandy Loam
P0192,F0024,Thanjavur,Thanjavur,Ammapettai,633/9,3,0.63,10.519952,79.324262,Garden Land,Rainfed,Alluvial
P0193,F0090,Cuddalore,Panruti,Parangipettai,955/3,5,2.18,11.48833,79.589259,Dryland,River,Clay Loam
P0194,F0265,Cuddalore,Virudhachalam,Kurinjipadi,911/16,5,1.4,11.502921,79.808618,Wetland,Rainfed,Clay Loam
P0195,F0226,Thanjavur,Kumbakonam,Ayyampettai,316/5,2,2.36,10.582803,79.038544,Wetland,Tank,Alluvial
P0196,F0061,Thanjavur,Papanasam,Ayyampettai,216/16,4,1.36,10.830555,79.207307,Dryland,Borewell,Alluvial
P0197,F0083,Cuddalore,Chidambaram,Nallur,230/19,5,1.08,11.62363,79.60545,Wetland,Borewell,Alluvial
P0198,F0021,Thanjavur,Kumbakonam,Thiruvaiyaru,284/17,4,0.83,10.945399,79.073433,Garden Land,Rainfed,Clay
P0199,F0339,Thanjavur,Papanasam,Melattur,721/16,4,0.99,10.910652,79.473627,Wetland,Borewell,Sandy Loam
P0200,F0308,Thanjavur,Kumbakonam,Ammapettai,738/17,3,2.76,10.571356,79.291323,Wetland,Tank,Sandy Loam
P0201,F0306,Thanjavur,Papanasam,Budalur,211/1,2,1.53,10.795298,79.114907,Garden Land,Rainfed,Sandy Loam
P0202,F0077,Cuddalore,Panruti,Kurinjipadi,714/2,5,3.19,11.602756,79.488711,Garden Land,Canal,Clay
P0203,F0247,Thanjavur,Papanasam,Budalur,101/14,5,2.03,10.829696,79.450992,Dryland,Tank,Clay
P0204,F0272,Thanjavur,Kumbakonam,Budalur,887/13,3,1.84,10.714478,79.469211,Garden Land,Rainfed,Clay
P0205,F0218,Thanjavur,Kumbakonam,Ammapettai,979/3,3,0.9,10.566942,79.238571,Garden Land,Rainfed,Sandy Loam
P0206,F0132,Thanjavur,Thanjavur,Ammapettai,691/17,1,2.83,10.594511,79.354574,Garden Land,Canal,Sandy Loam
P0207,F0336,Cuddalore,Cuddalore,Parangipettai,209/5,4,1.61,11.402709,79.802144,Garden Land,Rainfed,Loam
P0208,F0134,Cuddalore,Chidambaram,Kurinjipadi,382/13,2,0.59,11.727488,79.611781,Dryland,Rainfed,Alluvial
P0209,F0248,Thanjavur,Papanasam,Melattur,414/19,3,1.85,10.58936,79.279547,Garden Land,River,Clay Loam
P0210,F0338,Thanjavur,Kumbakonam,Budalur,265/4,2,2.08,10.559543,79.114886,Garden Land,River,Loam
P0211,F0282,Thanjavur,Papanasam,Melattur,498/1,1,0.33,10.807013,79.342282,Wetland,River,Alluvial
P0212,F0223,Cuddalore,Cuddalore,Parangipettai,723/2,4,1.49,11.34407,79.531546,Dryland,Rainfed,Alluvial
P0213,F0147,Thanjavur,Thanjavur,Ayyampettai,939/6,4,3.33,10.855803,79.298736,Dryland,Canal,Clay Loam
P0214,F0337,Thanjavur,Orathanadu,Melattur,902/20,5,0.54,10.965379,79.259077,Garden Land,Borewell,Alluvial
P0215,F0087,Cuddalore,Virudhachalam,Sethiathope,261/3,3,1.75,11.637012,79.57987,Dryland,Tank,Sandy Loam
P0216,F0208,Cuddalore,Chidambaram,Nallur,170/3,5,2.03,11.59304,79.658871,Dryland,Rainfed,Alluvial
P0217,F0179,Cuddalore,Chidambaram,Kumaratchi,299/15,4,1.02,11.473738,79.807757,Garden Land,Canal,Loam
P0218,F0090,Cuddalore,Panruti,Parangipettai,401/11,1,0.53,11.503567,79.453232,Garden Land,Tank,Alluvial
P0219,F0295,Cuddalore,Chidambaram,Kumaratchi,595/8,3,1.36,11.425071,79.621384,Dryland,River,Alluvial
P0220,F0015,Thanjavur,Thanjavur,Budalur,907/8,2,1.47,10.740985,79.12891,Dryland,River,Loam
P0221,F0265,Cuddalore,Virudhachalam,Kurinjipadi,394/3,4,1.14,11.567826,79.750409,Garden Land,Tank,Clay
P0222,F0284,Thanjavur,Kumbakonam,Budalur,687/9,2,0.78,10.965698,79.238278,Garden Land,Borewell,Sandy Loam
P0223,F0103,Cuddalore,Cuddalore,Sethiathope,334/7,2,1.15,11.417431,79.521028,Garden Land,Tank,Clay Loam
P0224,F0055,Cuddalore,Cuddalore,Kumaratchi,604/20,1,3.36,11.359939,79.439244,Garden Land,Canal,Sandy Loam
P0225,F0191,Cuddalore,Chidambaram,Nallur,688/9,4,3.45,11.610334,79.64617,Wetland,Rainfed,Loam
P0226,F0204,Cuddalore,Cuddalore,Sethiathope,918/14,4,0.47,11.411046,79.688333,Garden Land,Canal,Alluvial
P0227,F0178,Cuddalore,Chidambaram,Parangipettai,223/17,4,0.71,11.496858,79.743169,Dryland,Canal,Clay
P0228,F0346,Thanjavur,Orathanadu,Ammapettai,727/9,2,1.34,10.605376,79.290504,Garden Land,Tank,Clay Loam
P0229,F0138,Cuddalore,Chidambaram,Kumaratchi,610/14,2,1.47,11.535673,79.706542,Dryland,Tank,Loam
P0230,F0206,Thanjavur,Papanasam,Ammapettai,689/8,1,0.72,10.639815,79.089945,Garden Land,Tank,Clay Loam
P0231,F0285,Cuddalore,Chidambaram,Sethiathope,856/5,4,0.77,11.516109,79.590442,Wetland,Borewell,Sandy Loam
P0232,F0256,Thanjavur,Papanasam,Budalur,646/11,4,2.32,10.567236,79.446635,Dryland,Tank,Alluvial
P0233,F0291,Thanjavur,Thanjavur,Thiruvaiyaru,320/9,4,0.82,10.523855,79.049487,Garden Land,Canal,Sandy Loam
P0234,F0172,Cuddalore,Chidambaram,Kurinjipadi,929/9,3,2.08,11.429885,79.580153,Wetland,River,Clay
P0235,F0180,Cuddalore,Virudhachalam,Nallur,689/18,2,0.94,11.733684,79.881558,Dryland,Tank,Loam
P0236,F0345,Cuddalore,Virudhachalam,Kumaratchi,180/13,5,0.85,11.555222,79.787372,Dryland,River,Clay Loam
P0237,F0086,Cuddalore,Virudhachalam,Kurinjipadi,727/19,4,1.65,11.62029,79.864283,Wetland,Canal,Clay Loam
P0238,F0176,Thanjavur,Papanasam,Budalur,373/20,4,0.6,10.614109,79.158439,Dryland,River,Loam
P0239,F0301,Thanjavur,Orathanadu,Ammapettai,974/1,2,0.84,10.760468,79.225144,Garden Land,Borewell,Loam
P0240,F0041,Thanjavur,Papanasam,Melattur,999/16,5,0.61,10.605286,79.198523,Wetland,Canal,Sandy Loam
P0241,F0269,Cuddalore,Virudhachalam,Kurinjipadi,259/3,4,0.75,11.682498,79.441626,Dryland,Borewell,Clay Loam
P0242,F0146,Thanjavur,Papanasam,Thiruvaiyaru,274/1,1,1.99,10.72158,79.063206,Garden Land,Tank,Loam
P0243,F0244,Thanjavur,Orathanadu,Budalur,661/15,2,3.29,10.733597,79.435449,Garden Land,Rainfed,Clay Loam
P0244,F0303,Cuddalore,Chidambaram,Parangipettai,677/14,5,2.33,11.598792,79.715524,Garden Land,Rainfed,Loam
P0245,F0178,Cuddalore,Chidambaram,Parangipettai,415/12,4,0.51,11.540826,79.513564,Dryland,Borewell,Loam
P0246,F0006,Thanjavur,Thanjavur,Budalur,452/10,4,0.97,10.500046,79.40769,Garden Land,Canal,Sandy Loam
P0247,F0245,Cuddalore,Panruti,Kumaratchi,711/8,1,1.24,11.449805,79.782935,Garden Land,Tank,Clay Loam
P0248,F0211,Thanjavur,Orathanadu,Ayyampettai,832/13,4,1.1,10.941081,79.218553,Wetland,Tank,Clay
P0249,F0217,Cuddalore,Chidambaram,Kurinjipadi,727/9,3,0.84,11.612662,79.658305,Garden Land,Rainfed,Loam
P0250,F0212,Cuddalore,Chidambaram,Kurinjipadi,213/15,5,0.63,11.394,79.434232,Dryland,Tank,Alluvial
P0251,F0252,Cuddalore,Cuddalore,Kumaratchi,647/1,2,0.33,11.393895,79.409698,Wetland,Tank,Loam
P0252,F0065,Thanjavur,Kumbakonam,Melattur,254/1,4,1.04,10.857598,79.363554,Wetland,Tank,Sandy Loam
P0253,F0160,Thanjavur,Kumbakonam,Ayyampettai,813/2,3,0.5,10.892863,79.249198,Wetland,Borewell,Clay
P0254,F0137,Cuddalore,Panruti,Kumaratchi,296/9,4,1.8,11.687826,79.435692,Wetland,Canal,Clay Loam
P0255,F0198,Cuddalore,Chidambaram,Kurinjipadi,134/7,4,2.66,11.685613,79.62148,Garden Land,Canal,Alluvial
P0256,F0341,Cuddalore,Virudhachalam,Parangipettai,419/11,2,2.48,11.791058,79.636413,Garden Land,Canal,Alluvial
P0257,F0267,Cuddalore,Panruti,Nallur,469/2,2,1.26,11.361071,79.640615,Wetland,Borewell,Sandy Loam
P0258,F0167,Thanjavur,Kumbakonam,Ayyampettai,505/8,1,0.68,10.507534,79.397195,Wetland,Rainfed,Sandy Loam
P0259,F0306,Thanjavur,Papanasam,Budalur,611/3,5,1.1,10.577496,79.385399,Dryland,Canal,Clay
P0260,F0183,Cuddalore,Virudhachalam,Parangipettai,228/16,2,2.83,11.622287,79.750664,Dryland,Rainfed,Loam
P0261,F0225,Cuddalore,Cuddalore,Nallur,841/5,3,1.51,11.666594,79.410676,Wetland,River,Sandy Loam
P0262,F0287,Thanjavur,Papanasam,Ayyampettai,291/18,3,0.91,10.647357,79.348519,Dryland,River,Loam
P0263,F0307,Thanjavur,Kumbakonam,Budalur,258/15,3,0.42,10.957237,79.27726,Dryland,Rainfed,Loam
P0264,F0233,Cuddalore,Chidambaram,Parangipettai,289/1,5,1.51,11.30036,79.719013,Dryland,Rainfed,Clay Loam
P0265,F0165,Cuddalore,Virudhachalam,Nallur,496/7,5,1.67,11.660502,79.729145,Garden Land,River,Alluvial
P0266,F0079,Thanjavur,Kumbakonam,Ammapettai,213/4,5,2.35,10.80652,79.1613,Garden Land,Canal,Clay
P0267,F0067,Cuddalore,Virudhachalam,Sethiathope,296/4,1,0.64,11.389319,79.415637,Garden Land,River,Sandy Loam
P0268,F0270,Cuddalore,Cuddalore,Sethiathope,326/20,1,0.46,11.611985,79.69515,Wetland,Borewell,Sandy Loam
P0269,F0041,Thanjavur,Papanasam,Melattur,861/14,3,1.45,10.73403,79.319458,Garden Land,Canal,Alluvial
P0270,F0137,Cuddalore,Panruti,Kumaratchi,179/7,5,2.97,11.56451,79.76715,Wetland,Canal,Clay Loam
P0271,F0273,Thanjavur,Papanasam,Thiruvaiyaru,683/6,5,2.4,10.692666,79.09656,Garden Land,Rainfed,Sandy Loam
P0272,F0055,Cuddalore,Cuddalore,Kumaratchi,819/14,1,2.46,11.683142,79.688282,Wetland,Borewell,Alluvial
P0273,F0206,Thanjavur,Papanasam,Ammapettai,714/15,3,2.01,10.752346,79.328766,Dryland,Rainfed,Loam
P0274,F0191,Cuddalore,Chidambaram,Nallur,431/20,2,2.94,11.506172,79.71662,Garden Land,Rainfed,Clay Loam
P0275,F0193,Thanjavur,Papanasam,Thiruvaiyaru,563/15,4,1.09,10.882854,79.463073,Wetland,Canal,Loam
P0276,F0306,Thanjavur,Papanasam,Budalur,106/10,2,3.15,10.508151,79.067543,Wetland,Tank,Clay
P0277,F0142,Cuddalore,Cuddalore,Parangipettai,685/5,1,1.81,11.759556,79.655636,Wetland,River,Loam
P0278,F0080,Thanjavur,Thanjavur,Ayyampettai,338/9,3,1.08,10.569204,79.183541,Wetland,Rainfed,Sandy Loam
P0279,F0292,Cuddalore,Virudhachalam,Kumaratchi,911/16,2,2.62,11.758941,79.767133,Dryland,Rainfed,Clay
P0280,F0305,Thanjavur,Thanjavur,Budalur,490/3,1,2.89,10.821127,79.018686,Dryland,Tank,Sandy Loam
P0281,F0214,Thanjavur,Orathanadu,Ammapettai,865/20,1,2.77,10.965123,79.06027,Garden Land,River,Clay
P0282,F0157,Thanjavur,Papanasam,Melattur,434/17,2,0.88,10.762192,79.159658,Wetland,Canal,Sandy Loam
P0283,F0229,Cuddalore,Panruti,Parangipettai,542/10,4,0.49,11.67642,79.687627,Wetland,Borewell,Loam
P0284,F0043,Thanjavur,Papanasam,Ayyampettai,368/3,4,1.28,10.737927,79.372658,Garden Land,River,Clay Loam
P0285,F0070,Cuddalore,Cuddalore,Kurinjipadi,685/7,5,0.83,11.540461,79.499054,Garden Land,Rainfed,Clay Loam
P0286,F0125,Cuddalore,Panruti,Kurinjipadi,689/3,1,1.33,11.335822,79.788386,Garden Land,River,Sandy Loam
P0287,F0188,Cuddalore,Panruti,Sethiathope,124/10,2,0.75,11.474154,79.560369,Dryland,Rainfed,Sandy Loam
P0288,F0320,Thanjavur,Thanjavur,Ayyampettai,304/12,2,1.38,10.572909,79.022439,Garden Land,Canal,Clay
P0289,F0028,Thanjavur,Orathanadu,Thiruvaiyaru,952/10,1,0.77,10.621524,79.310501,Dryland,Canal,Loam
P0290,F0231,Thanjavur,Orathanadu,Melattur,316/7,5,1.13,10.735595,79.165938,Garden Land,Tank,Alluvial
P0291,F0248,Thanjavur,Papanasam,Melattur,784/1,4,2.52,10.811521,79.496151,Garden Land,Rainfed,Clay
P0292,F0131,Cuddalore,Cuddalore,Kurinjipadi,732/9,1,2.83,11.38516,79.542007,Dryland,Canal,Clay
P0293,F0199,Thanjavur,Papanasam,Ayyampettai,468/4,1,1.38,10.830186,79.331491,Dryland,River,Clay Loam
P0294,F0195,Thanjavur,Thanjavur,Ayyampettai,596/20,5,3.19,10.75427,79.354844,Wetland,Borewell,Clay Loam
P0295,F0257,Thanjavur,Papanasam,Melattur,140/8,5,2.54,10.983396,79.280344,Dryland,Tank,Sandy Loam
P0296,F0202,Thanjavur,Orathanadu,Budalur,463/10,2,2.49,10.872195,79.009186,Garden Land,Tank,Clay
P0297,F0321,Cuddalore,Panruti,Kumaratchi,130/18,3,1.09,11.42884,79.593585,Wetland,Borewell,Loam
P0298,F0202,Thanjavur,Orathanadu,Budalur,794/20,2,1.52,10.828466,79.043898,Dryland,Borewell,Alluvial
P0299,F0079,Thanjavur,Kumbakonam,Ammapettai,559/18,2,2.24,10.713232,79.156191,Wetland,Borewell,Alluvial
P0300,F0278,Cuddalore,Chidambaram,Nallur,805/17,2,0.74,11.642024,79.501155,Dryland,Borewell,Alluvial
P0301,F0081,Thanjavur,Orathanadu,Thiruvaiyaru,221/6,3,3.34,10.658748,79.27867,Wetland,Canal,Loam
P0302,F0212,Cuddalore,Chidambaram,Kurinjipadi,941/9,2,2.07,11.780598,79.551674,Wetland,Canal,Clay Loam
P0303,F0095,Thanjavur,Thanjavur,Ayyampettai,720/19,5,2.27,10.513099,79.492978,Wetland,Rainfed,Clay Loam
P0304,F0119,Thanjavur,Thanjavur,Ayyampettai,588/5,5,2.5,10.843689,79.179631,Garden Land,River,Loam
P0305,F0095,Thanjavur,Thanjavur,Ayyampettai,297/8,1,0.74,10.926065,79.245723,Dryland,Canal,Loam
P0306,F0212,Cuddalore,Chidambaram,Kurinjipadi,309/3,2,0.78,11.411277,79.73567,Dryland,Rainfed,Sandy Loam
P0307,F0167,Thanjavur,Kumbakonam,Ayyampettai,894/2,5,0.58,10.933387,79.443793,Garden Land,River,Loam
P0308,F0202,Thanjavur,Orathanadu,Budalur,637/2,5,2.2,10.805752,79.371234,Wetland,River,Sandy Loam
P0309,F0022,Thanjavur,Papanasam,Budalur,852/2,5,2.02,10.93889,79.122861,Dryland,Rainfed,Clay
P0310,F0098,Cuddalore,Virudhachalam,Nallur,947/10,4,1.27,11.44559,79.59902,Wetland,River,Loam
P0311,F0314,Thanjavur,Papanasam,Thiruvaiyaru,574/15,1,3.19,10.959516,79.344976,Garden Land,Rainfed,Clay
P0312,F0093,Cuddalore,Virudhachalam,Sethiathope,238/13,4,2.53,11.689366,79.868921,Dryland,River,Clay
P0313,F0092,Cuddalore,Cuddalore,Nallur,565/3,3,2.46,11.52684,79.848309,Dryland,Borewell,Clay
P0314,F0047,Cuddalore,Virudhachalam,Kurinjipadi,636/13,5,0.49,11.357082,79.624699,Garden Land,Borewell,Sandy Loam
P0315,F0282,Thanjavur,Papanasam,Melattur,679/5,2,0.91,10.690304,79.38413,Wetland,Borewell,Clay
P0316,F0215,Thanjavur,Thanjavur,Thiruvaiyaru,395/6,1,2.23,10.654031,79.365081,Wetland,Borewell,Clay
P0317,F0319,Cuddalore,Cuddalore,Sethiathope,610/18,1,1.89,11.682698,79.406104,Garden Land,River,Clay Loam
P0318,F0112,Thanjavur,Thanjavur,Melattur,181/20,5,1.61,10.794431,79.237856,Wetland,Borewell,Alluvial
P0319,F0143,Thanjavur,Papanasam,Melattur,150/6,2,2.06,10.809883,79.278774,Wetland,Tank,Clay
P0320,F0075,Cuddalore,Chidambaram,Kumaratchi,405/11,1,2.98,11.726915,79.733498,Wetland,Canal,Sandy Loam
P0321,F0092,Cuddalore,Cuddalore,Nallur,816/20,5,1.89,11.380668,79.54219,Garden Land,Borewell,Sandy Loam
P0322,F0297,Thanjavur,Thanjavur,Budalur,430/12,4,2.76,10.680094,79.01792,Wetland,River,Alluvial
P0323,F0034,Cuddalore,Cuddalore,Sethiathope,381/11,5,2.52,11.446416,79.467273,Dryland,Rainfed,Clay Loam
P0324,F0108,Thanjavur,Thanjavur,Melattur,744/17,1,2.64,10.806027,79.054651,Dryland,Rainfed,Loam
P0325,F0219,Cuddalore,Cuddalore,Kurinjipadi,738/12,2,1.53,11.604422,79.558244,Garden Land,Rainfed,Sandy Loam
P0326,F0267,Cuddalore,Panruti,Nallur,724/8,3,2.89,11.664592,79.648871,Wetland,Canal,Clay
P0327,F0013,Thanjavur,Papanasam,Ayyampettai,312/20,4,2.66,10.732443,79.398366,Dryland,Canal,Loam
P0328,F0180,Cuddalore,Virudhachalam,Nallur,306/10,3,0.34,11.580208,79.718752,Wetland,Tank,Loam
P0329,F0260,Thanjavur,Orathanadu,Melattur,441/11,4,0.66,10.774997,79.383516,Garden Land,Rainfed,Alluvial
P0330,F0015,Thanjavur,Thanjavur,Budalur,788/16,4,2.85,10.916021,79.097008,Wetland,Borewell,Sandy Loam
P0331,F0080,Thanjavur,Thanjavur,Ayyampettai,443/15,4,1.02,10.8136,79.446029,Garden Land,Canal,Alluvial
P0332,F0154,Cuddalore,Chidambaram,Sethiathope,119/7,5,2.08,11.582471,79.739099,Garden Land,Tank,Loam
P0333,F0034,Cuddalore,Cuddalore,Sethiathope,484/18,2,0.4,11.784807,79.54023,Garden Land,Rainfed,Sandy Loam
P0334,F0096,Cuddalore,Panruti,Nallur,822/11,1,2.7,11.597596,79.832297,Dryland,River,Clay
P0335,F0255,Cuddalore,Chidambaram,Sethiathope,409/7,5,2.95,11.738524,79.585792,Dryland,Borewell,Clay
P0336,F0192,Thanjavur,Thanjavur,Melattur,554/17,1,3.22,10.892472,79.388895,Dryland,Rainfed,Clay Loam
P0337,F0098,Cuddalore,Virudhachalam,Nallur,417/11,2,3.1,11.470058,79.641736,Wetland,Rainfed,Clay Loam
P0338,F0106,Thanjavur,Papanasam,Budalur,634/4,1,0.82,10.862285,79.229684,Dryland,Canal,Alluvial
P0339,F0045,Thanjavur,Papanasam,Melattur,884/10,1,0.63,10.666645,79.444593,Garden Land,Tank,Clay Loam
P0340,F0165,Cuddalore,Virudhachalam,Nallur,891/15,1,1.65,11.400278,79.543284,Dryland,Borewell,Clay Loam
P0341,F0141,Cuddalore,Cuddalore,Nallur,204/7,5,1.71,11.35723,79.879149,Dryland,Rainfed,Loam
P0342,F0139,Cuddalore,Virudhachalam,Parangipettai,350/6,1,0.37,11.370778,79.752177,Dryland,Rainfed,Loam
P0343,F0277,Thanjavur,Papanasam,Melattur,791/2,1,1.81,10.721824,79.065037,Dryland,Canal,Clay
P0344,F0219,Cuddalore,Cuddalore,Kurinjipadi,744/15,5,2.39,11.495958,79.752339,Dryland,Tank,Loam
P0345,F0102,Thanjavur,Kumbakonam,Ayyampettai,873/15,5,1.93,10.856449,79.335435,Wetland,Canal,Sandy Loam
P0346,F0050,Thanjavur,Papanasam,Budalur,576/16,2,2.57,10.727792,79.342239,Wetland,Borewell,Alluvial
P0347,F0133,Thanjavur,Thanjavur,Thiruvaiyaru,781/11,3,2.32,10.956431,79.196038,Dryland,River,Clay
P0348,F0034,Cuddalore,Cuddalore,Sethiathope,274/10,3,1.78,11.537667,79.57572,Garden Land,Rainfed,Clay Loam
P0349,F0261,Cuddalore,Chidambaram,Nallur,433/18,1,2.85,11.351466,79.808776,Dryland,Rainfed,Sandy Loam
P0350,F0206,Thanjavur,Papanasam,Ammapettai,262/16,4,1.08,10.795268,79.119288,Wetland,Tank,Clay Loam
P0351,F0303,Cuddalore,Chidambaram,Parangipettai,450/18,2,2.12,11.515574,79.890103,Wetland,Canal,Alluvial
P0352,F0250,Thanjavur,Papanasam,Ammapettai,199/15,2,0.49,10.557161,79.298038,Dryland,River,Clay
P0353,F0307,Thanjavur,Kumbakonam,Budalur,488/11,4,1.67,10.554372,79.407033,Garden Land,Canal,Clay
P0354,F0112,Thanjavur,Thanjavur,Melattur,751/1,2,3.19,10.908517,79.443631,Garden Land,Borewell,Sandy Loam
P0355,F0273,Thanjavur,Papanasam,Thiruvaiyaru,310/11,3,1.73,10.645752,79.307786,Garden Land,Tank,Sandy Loam
P0356,F0177,Cuddalore,Chidambaram,Kumaratchi,622/13,2,2.26,11.795145,79.691363,Dryland,Canal,Loam
P0357,F0282,Thanjavur,Papanasam,Melattur,467/4,3,0.68,10.98395,79.000422,Wetland,Borewell,Sandy Loam
P0358,F0303,Cuddalore,Chidambaram,Parangipettai,490/14,5,1.52,11.497134,79.559064,Wetland,Borewell,Sandy Loam
P0359,F0072,Thanjavur,Orathanadu,Ayyampettai,960/14,2,3.26,10.594113,79.192298,Dryland,Borewell,Clay Loam
P0360,F0006,Thanjavur,Thanjavur,Budalur,598/14,2,0.87,10.535873,79.007854,Wetland,Borewell,Sandy Loam
P0361,F0234,Thanjavur,Orathanadu,Ammapettai,738/6,4,3.01,10.946791,79.347695,Garden Land,River,Alluvial
P0362,F0231,Thanjavur,Orathanadu,Melattur,107/19,4,0.78,10.692357,79.11287,Garden Land,Borewell,Alluvial
P0363,F0138,Cuddalore,Chidambaram,Kumaratchi,138/19,4,1.47,11.505419,79.673083,Garden Land,Tank,Clay
P0364,F0298,Thanjavur,Orathanadu,Melattur,848/17,3,0.75,10.740766,79.345249,Dryland,Rainfed,Clay
P0365,F0268,Cuddalore,Chidambaram,Parangipettai,859/3,5,0.55,11.744958,79.444223,Garden Land,Tank,Alluvial
P0366,F0028,Thanjavur,Orathanadu,Thiruvaiyaru,564/17,4,0.33,10.951793,79.267517,Garden Land,Tank,Sandy Loam
P0367,F0181,Cuddalore,Virudhachalam,Kumaratchi,136/20,3,0.99,11.780291,79.799112,Garden Land,Rainfed,Loam
P0368,F0032,Thanjavur,Orathanadu,Ammapettai,772/10,5,2.13,10.81465,79.289071,Wetland,Tank,Sandy Loam
P0369,F0043,Thanjavur,Papanasam,Ayyampettai,358/5,5,1.7,10.563411,79.038431,Dryland,Tank,Loam
P0370,F0008,Thanjavur,Orathanadu,Thiruvaiyaru,856/5,4,3.21,10.870715,79.301911,Dryland,Borewell,Loam
P0371,F0121,Cuddalore,Virudhachalam,Kumaratchi,451/3,2,2.05,11.542459,79.799686,Garden Land,Borewell,Sandy Loam
P0372,F0212,Cuddalore,Chidambaram,Kurinjipadi,752/6,2,1.35,11.685184,79.518974,Garden Land,Tank,Clay
P0373,F0329,Cuddalore,Cuddalore,Kumaratchi,575/13,4,0.4,11.432198,79.809766,Dryland,River,Alluvial
P0374,F0120,Thanjavur,Thanjavur,Melattur,248/17,4,1.82,10.6899,79.352804,Wetland,Tank,Sandy Loam
P0375,F0196,Cuddalore,Cuddalore,Parangipettai,142/4,5,2.49,11.639247,79.880881,Garden Land,Tank,Sandy Loam
P0376,F0313,Cuddalore,Chidambaram,Kurinjipadi,373/4,3,1.19,11.759021,79.829178,Garden Land,Rainfed,Sandy Loam
P0377,F0237,Cuddalore,Chidambaram,Kurinjipadi,702/7,5,2.65,11.686576,79.774545,Dryland,Borewell,Loam
P0378,F0281,Cuddalore,Virudhachalam,Parangipettai,521/4,5,0.52,11.305289,79.404238,Wetland,River,Loam
P0379,F0113,Thanjavur,Orathanadu,Ammapettai,734/3,1,0.41,10.862625,79.125948,Garden Land,Borewell,Alluvial
P0380,F0327,Cuddalore,Panruti,Kurinjipadi,719/5,4,0.58,11.360895,79.878898,Garden Land,Rainfed,Clay Loam
P0381,F0057,Thanjavur,Papanasam,Budalur,177/15,3,1.54,10.847827,79.126668,Dryland,Tank,Loam
P0382,F0083,Cuddalore,Chidambaram,Nallur,497/11,1,0.5,11.690366,79.538644,Dryland,Tank,Clay Loam
P0383,F0226,Thanjavur,Kumbakonam,Ayyampettai,502/6,4,0.94,10.534699,79.489711,Wetland,Borewell,Alluvial
P0384,F0221,Cuddalore,Chidambaram,Kumaratchi,832/9,1,3.22,11.409193,79.721669,Wetland,Canal,Clay
P0385,F0293,Thanjavur,Thanjavur,Melattur,609/5,1,0.36,10.863773,79.388619,Wetland,River,Loam
P0386,F0078,Cuddalore,Virudhachalam,Parangipettai,627/16,4,2.14,11.650028,79.852309,Dryland,River,Clay
P0387,F0277,Thanjavur,Papanasam,Melattur,898/16,1,2.51,10.612923,79.192212,Garden Land,Rainfed,Loam
P0388,F0171,Cuddalore,Panruti,Nallur,762/3,3,1.28,11.640918,79.600307,Garden Land,Tank,Clay
P0389,F0236,Cuddalore,Chidambaram,Parangipettai,667/2,4,0.95,11.680227,79.544979,Garden Land,Borewell,Loam
P0390,F0200,Thanjavur,Orathanadu,Ammapettai,186/15,2,1.45,10.94823,79.315309,Wetland,Canal,Clay Loam
P0391,F0013,Thanjavur,Papanasam,Ayyampettai,164/18,3,1.87,10.85987,79.296473,Dryland,Rainfed,Sandy Loam
P0392,F0009,Cuddalore,Panruti,Nallur,143/13,1,2.82,11.318521,79.428027,Wetland,Rainfed,Sandy Loam
P0393,F0348,Thanjavur,Kumbakonam,Thiruvaiyaru,338/3,1,1.37,10.9351,79.268281,Garden Land,Borewell,Sandy Loam
P0394,F0335,Cuddalore,Cuddalore,Nallur,348/5,1,2.06,11.309532,79.853589,Wetland,Canal,Loam
P0395,F0050,Thanjavur,Papanasam,Budalur,937/4,1,2.19,10.728092,79.085345,Dryland,Rainfed,Alluvial
P0396,F0113,Thanjavur,Orathanadu,Ammapettai,955/13,3,1.38,10.531555,79.101321,Wetland,Rainfed,Alluvial
P0397,F0071,Thanjavur,Orathanadu,Budalur,146/19,2,0.87,10.660795,79.482346,Dryland,Canal,Clay
P0398,F0141,Cuddalore,Cuddalore,Nallur,666/6,4,2.05,11.370618,79.607577,Wetland,Rainfed,Clay
P0399,F0069,Cuddalore,Panruti,Kumaratchi,896/6,1,0.78,11.349984,79.823683,Dryland,Canal,Clay
P0400,F0004,Thanjavur,Orathanadu,Thiruvaiyaru,390/14,4,1.79,10.589706,79.044571,Garden Land,Borewell,Clay Loam
P0401,F0074,Cuddalore,Virudhachalam,Kurinjipadi,278/20,1,1.23,11.619913,79.661543,Garden Land,Borewell,Sandy Loam
P0402,F0314,Thanjavur,Papanasam,Thiruvaiyaru,456/14,1,2.8,10.975149,79.313596,Garden Land,Borewell,Clay Loam
P0403,F0061,Thanjavur,Papanasam,Ayyampettai,983/18,5,2.28,10.993302,79.488396,Wetland,River,Clay Loam
P0404,F0142,Cuddalore,Cuddalore,Parangipettai,964/16,4,0.7,11.326535,79.45634,Wetland,Borewell,Clay
P0405,F0028,Thanjavur,Orathanadu,Thiruvaiyaru,442/20,4,1.69,10.82243,79.142532,Wetland,Canal,Clay
P0406,F0276,Thanjavur,Thanjavur,Thiruvaiyaru,218/3,2,1.43,10.587944,79.392746,Garden Land,River,Alluvial
P0407,F0297,Thanjavur,Thanjavur,Budalur,433/8,1,2.47,10.662986,79.099376,Dryland,Borewell,Clay
P0408,F0122,Thanjavur,Thanjavur,Thiruvaiyaru,325/3,4,1.5,10.868874,79.434943,Garden Land,River,Clay
P0409,F0224,Cuddalore,Virudhachalam,Parangipettai,496/12,2,1.76,11.372471,79.863944,Dryland,Borewell,Loam
P0410,F0139,Cuddalore,Virudhachalam,Parangipettai,161/9,2,0.48,11.401105,79.463606,Wetland,River,Sandy Loam
P0411,F0215,Thanjavur,Thanjavur,Thiruvaiyaru,718/6,5,2.08,10.585601,79.171788,Wetland,Rainfed,Alluvial
P0412,F0118,Cuddalore,Cuddalore,Nallur,321/19,4,1.87,11.343237,79.828487,Dryland,Tank,Clay
P0413,F0220,Cuddalore,Cuddalore,Parangipettai,693/8,5,1.35,11.668089,79.523327,Wetland,Rainfed,Clay
P0414,F0214,Thanjavur,Orathanadu,Ammapettai,887/17,1,1.81,10.990092,79.020029,Dryland,Rainfed,Sandy Loam
P0415,F0246,Thanjavur,Kumbakonam,Budalur,607/8,1,0.41,10.904858,79.348327,Garden Land,Canal,Sandy Loam
P0416,F0112,Thanjavur,Thanjavur,Melattur,192/1,4,2.37,10.566356,79.147895,Garden Land,Tank,Clay Loam
P0417,F0236,Cuddalore,Chidambaram,Parangipettai,565/15,2,0.38,11.728961,79.773643,Garden Land,River,Clay Loam
P0418,F0190,Cuddalore,Cuddalore,Kumaratchi,742/3,4,0.3,11.613405,79.751951,Garden Land,Tank,Alluvial
P0419,F0017,Thanjavur,Kumbakonam,Ayyampettai,727/18,5,2.53,10.648295,79.376444,Wetland,Canal,Alluvial
P0420,F0172,Cuddalore,Chidambaram,Kurinjipadi,790/12,1,3.33,11.66788,79.427406,Wetland,River,Loam
P0421,F0239,Cuddalore,Panruti,Kurinjipadi,672/3,5,0.86,11.609567,79.582786,Garden Land,Borewell,Clay Loam
P0422,F0172,Cuddalore,Chidambaram,Kurinjipadi,870/19,2,1.83,11.419316,79.456779,Garden Land,Borewell,Loam
P0423,F0181,Cuddalore,Virudhachalam,Kumaratchi,155/3,3,1.3,11.748967,79.651783,Dryland,River,Sandy Loam
P0424,F0257,Thanjavur,Papanasam,Melattur,794/18,3,2.54,10.763341,79.061355,Dryland,Rainfed,Loam
P0425,F0345,Cuddalore,Virudhachalam,Kumaratchi,167/7,4,1.47,11.772683,79.804398,Wetland,Canal,Sandy Loam
P0426,F0092,Cuddalore,Cuddalore,Nallur,382/4,2,0.56,11.444186,79.878313,Dryland,Borewell,Clay Loam
P0427,F0267,Cuddalore,Panruti,Nallur,798/18,2,1.63,11.776052,79.411345,Dryland,Tank,Sandy Loam
P0428,F0228,Thanjavur,Papanasam,Thiruvaiyaru,122/8,5,0.9,10.868855,79.010741,Garden Land,Tank,Sandy Loam
P0429,F0297,Thanjavur,Thanjavur,Budalur,707/17,5,1.34,10.671396,79.323026,Dryland,River,Loam
P0430,F0291,Thanjavur,Thanjavur,Thiruvaiyaru,366/8,4,0.85,10.565977,79.394674,Dryland,Tank,Clay
P0431,F0076,Cuddalore,Cuddalore,Kumaratchi,264/18,3,0.5,11.47656,79.627963,Wetland,Borewell,Clay Loam
P0432,F0083,Cuddalore,Chidambaram,Nallur,229/15,3,1.31,11.418953,79.420576,Dryland,Borewell,Clay Loam
P0433,F0288,Cuddalore,Virudhachalam,Nallur,251/12,4,3.43,11.653567,79.732777,Garden Land,Borewell,Alluvial
P0434,F0155,Thanjavur,Kumbakonam,Ammapettai,886/5,4,3.28,10.560745,79.012463,Dryland,Borewell,Clay
P0435,F0280,Thanjavur,Kumbakonam,Budalur,585/10,5,2.16,10.987801,79.16564,Garden Land,Borewell,Alluvial
P0436,F0227,Thanjavur,Papanasam,Thiruvaiyaru,141/5,5,1.77,10.669342,79.056158,Wetland,Tank,Clay
P0437,F0206,Thanjavur,Papanasam,Ammapettai,434/2,5,1.44,10.808761,79.110182,Garden Land,Borewell,Alluvial
P0438,F0270,Cuddalore,Cuddalore,Sethiathope,123/3,5,1.19,11.411072,79.867833,Dryland,Canal,Alluvial
P0439,F0202,Thanjavur,Orathanadu,Budalur,157/12,4,2.24,10.597225,79.158879,Wetland,River,Loam
P0440,F0198,Cuddalore,Chidambaram,Kurinjipadi,556/18,1,1.42,11.486416,79.542325,Wetland,River,Sandy Loam
P0441,F0227,Thanjavur,Papanasam,Thiruvaiyaru,534/14,2,3.28,10.644317,79.402836,Garden Land,Rainfed,Clay
P0442,F0074,Cuddalore,Virudhachalam,Kurinjipadi,443/3,5,2.25,11.403892,79.637307,Dryland,Canal,Clay
P0443,F0210,Thanjavur,Orathanadu,Ammapettai,573/19,2,0.86,10.819403,79.136664,Wetland,Borewell,Sandy Loam
P0444,F0149,Thanjavur,Orathanadu,Ammapettai,954/19,3,1.07,10.776933,79.021116,Dryland,Rainfed,Sandy Loam
P0445,F0115,Cuddalore,Virudhachalam,Nallur,755/16,1,0.97,11.31342,79.401223,Garden Land,Tank,Sandy Loam
P0446,F0092,Cuddalore,Cuddalore,Nallur,222/9,4,0.89,11.545943,79.743922,Wetland,Rainfed,Loam
P0447,F0298,Thanjavur,Orathanadu,Melattur,802/16,1,1.13,10.740243,79.218034,Dryland,Rainfed,Alluvial
P0448,F0009,Cuddalore,Panruti,Nallur,427/15,2,0.49,11.72264,79.481424,Dryland,Borewell,Clay
P0449,F0140,Cuddalore,Chidambaram,Sethiathope,149/10,3,3.36,11.480582,79.718124,Garden Land,Canal,Alluvial
P0450,F0100,Cuddalore,Cuddalore,Kumaratchi,870/6,5,0.6,11.683221,79.491624,Dryland,Tank,Loam
P0451,F0139,Cuddalore,Virudhachalam,Parangipettai,693/12,2,0.32,11.642722,79.744173,Wetland,Borewell,Alluvial
P0452,F0145,Thanjavur,Papanasam,Ammapettai,266/4,2,1.39,10.686507,79.24245,Wetland,Rainfed,Clay Loam
P0453,F0097,Thanjavur,Thanjavur,Ayyampettai,638/18,5,1.09,10.897553,79.279328,Garden Land,Canal,Sandy Loam
P0454,F0236,Cuddalore,Chidambaram,Parangipettai,117/16,3,0.72,11.758016,79.458283,Dryland,Tank,Clay Loam
P0455,F0227,Thanjavur,Papanasam,Thiruvaiyaru,450/6,3,2.64,10.944863,79.298824,Wetland,Canal,Clay Loam
P0456,F0066,Thanjavur,Orathanadu,Melattur,228/7,2,1.03,10.928408,79.07118,Wetland,River,Clay
P0457,F0040,Thanjavur,Kumbakonam,Ayyampettai,301/4,1,1.24,10.509403,79.242127,Garden Land,Rainfed,Alluvial
P0458,F0031,Thanjavur,Kumbakonam,Budalur,408/1,1,0.44,10.734541,79.454265,Wetland,Rainfed,Clay Loam
P0459,F0301,Thanjavur,Orathanadu,Ammapettai,192/5,3,1.42,10.950587,79.092391,Garden Land,Tank,Loam
P0460,F0083,Cuddalore,Chidambaram,Nallur,617/19,1,2.26,11.727569,79.790401,Wetland,Rainfed,Clay
P0461,F0271,Thanjavur,Thanjavur,Ammapettai,872/18,1,1.2,10.608499,79.095774,Garden Land,Canal,Clay Loam
P0462,F0259,Thanjavur,Papanasam,Ammapettai,289/15,1,2.53,10.925648,79.237358,Wetland,Tank,Sandy Loam
P0463,F0218,Thanjavur,Kumbakonam,Ammapettai,421/4,4,0.59,10.607137,79.113777,Wetland,Rainfed,Clay Loam
P0464,F0254,Thanjavur,Thanjavur,Budalur,141/3,3,1.97,10.881137,79.352365,Dryland,Canal,Sandy Loam
P0465,F0146,Thanjavur,Papanasam,Thiruvaiyaru,961/15,2,2.5,10.728473,79.368087,Garden Land,River,Loam
P0466,F0220,Cuddalore,Cuddalore,Parangipettai,587/12,2,2.99,11.394392,79.434805,Wetland,River,Clay
P0467,F0203,Cuddalore,Chidambaram,Sethiathope,246/13,4,0.41,11.519029,79.729274,Garden Land,Rainfed,Clay
P0468,F0087,Cuddalore,Virudhachalam,Sethiathope,709/13,1,1.05,11.332355,79.887604,Wetland,River,Sandy Loam
P0469,F0143,Thanjavur,Papanasam,Melattur,874/13,3,1.56,10.882409,79.382986,Dryland,Rainfed,Sandy Loam
P0470,F0249,Cuddalore,Panruti,Kumaratchi,225/9,4,0.47,11.555707,79.473687,Dryland,Borewell,Clay Loam
P0471,F0016,Thanjavur,Papanasam,Thiruvaiyaru,794/1,2,0.37,10.549802,79.026426,Dryland,Rainfed,Loam
P0472,F0079,Thanjavur,Kumbakonam,Ammapettai,776/17,4,2.73,10.651376,79.311616,Dryland,Borewell,Loam
P0473,F0339,Thanjavur,Papanasam,Melattur,928/18,5,2.04,10.74895,79.252397,Wetland,Canal,Sandy Loam
P0474,F0061,Thanjavur,Papanasam,Ayyampettai,570/2,1,1.5,10.691815,79.15728,Wetland,Rainfed,Loam
P0475,F0085,Cuddalore,Virudhachalam,Kumaratchi,599/4,5,1.01,11.54574,79.467244,Garden Land,River,Alluvial
P0476,F0277,Thanjavur,Papanasam,Melattur,618/2,4,3.03,10.786105,79.237956,Dryland,River,Alluvial
P0477,F0194,Thanjavur,Thanjavur,Thiruvaiyaru,428/2,1,1.19,10.80847,79.176382,Garden Land,Canal,Clay Loam
P0478,F0188,Cuddalore,Panruti,Sethiathope,740/11,4,0.32,11.474438,79.771029,Wetland,River,Loam
P0479,F0183,Cuddalore,Virudhachalam,Parangipettai,340/10,5,1.08,11.505965,79.428225,Wetland,Canal,Loam
P0480,F0059,Thanjavur,Papanasam,Melattur,571/14,5,1.34,10.668797,79.009856,Garden Land,River,Loam
P0481,F0011,Cuddalore,Chidambaram,Nallur,486/19,4,3.45,11.647979,79.693995,Dryland,Rainfed,Clay
P0482,F0251,Cuddalore,Cuddalore,Nallur,614/11,2,1.38,11.350028,79.737556,Garden Land,Tank,Loam
P0483,F0224,Cuddalore,Virudhachalam,Parangipettai,177/18,2,3.42,11.400879,79.717722,Dryland,Tank,Clay
P0484,F0153,Cuddalore,Virudhachalam,Parangipettai,860/3,5,0.67,11.798114,79.601014,Wetland,Rainfed,Loam
P0485,F0140,Cuddalore,Chidambaram,Sethiathope,314/12,1,1.82,11.333635,79.800593,Garden Land,Tank,Alluvial
P0486,F0154,Cuddalore,Chidambaram,Sethiathope,511/9,5,0.94,11.516455,79.669974,Garden Land,River,Alluvial
P0487,F0093,Cuddalore,Virudhachalam,Sethiathope,291/19,4,1.95,11.740448,79.713922,Wetland,River,Loam
P0488,F0327,Cuddalore,Panruti,Kurinjipadi,544/19,1,2.76,11.56636,79.707211,Garden Land,Borewell,Loam
P0489,F0237,Cuddalore,Chidambaram,Kurinjipadi,407/14,4,2.49,11.373872,79.475236,Dryland,Canal,Clay Loam
P0490,F0212,Cuddalore,Chidambaram,Kurinjipadi,803/20,2,0.68,11.433467,79.543522,Dryland,Borewell,Clay
P0491,F0077,Cuddalore,Panruti,Kurinjipadi,575/16,5,2.95,11.395958,79.522793,Dryland,River,Clay
P0492,F0104,Thanjavur,Papanasam,Ammapettai,922/9,5,0.66,10.579679,79.068215,Wetland,Canal,Sandy Loam
P0493,F0011,Cuddalore,Chidambaram,Nallur,405/3,4,1.3,11.327664,79.848253,Dryland,Canal,Sandy Loam
P0494,F0072,Thanjavur,Orathanadu,Ayyampettai,223/17,5,1.9,10.618021,79.285487,Garden Land,Tank,Sandy Loam
P0495,F0047,Cuddalore,Virudhachalam,Kurinjipadi,437/19,4,0.71,11.419038,79.461138,Garden Land,Borewell,Sandy Loam
P0496,F0112,Thanjavur,Thanjavur,Melattur,550/14,3,3.4,10.572139,79.087577,Garden Land,Canal,Sandy Loam
P0497,F0274,Thanjavur,Kumbakonam,Budalur,533/16,2,1.31,10.687352,79.474355,Dryland,Borewell,Loam
P0498,F0244,Thanjavur,Orathanadu,Budalur,720/2,1,0.37,10.857836,79.410683,Garden Land,Borewell,Loam
P0499,F0283,Thanjavur,Papanasam,Ammapettai,931/4,5,2.54,10.692345,79.319475,Wetland,River,Sandy Loam
P0500,F0005,Cuddalore,Cuddalore,Kumaratchi,361/10,1,1.21,11.754895,79.596488,Wetland,Tank,Clay Loam
