parcel_id,sample_date,pH,nitrogen,phosphorus,potassium,organic_carbon,electrical_conductivity,soil_type
P0001,2025-03-25,7.39,366.3,48.3,169.4,0.34,2.18,Loam
P0002,2025-04-27,7.71,379.4,26.6,172.9,1.4,0.34,Loam
P0002,2024-06-13,7.6,261.8,27.6,212.5,1.28,1.87,Loam
P0003,2024-01-29,7.79,299.6,19.2,177.5,1.07,0.11,Clay Loam
P0003,2024-07-23,7.38,207.8,14.1,114.7,0.92,2.43,Clay Loam
P0004,2024-05-13,8.04,312.0,49.6,150.3,0.87,1.86,Clay Loam
P0004,2024-09-23,6.02,286.0,26.4,142.0,0.4,0.98,Clay Loam
P0004,2025-02-06,8.13,384.5,54.2,129.4,1.44,2.32,Clay Loam
P0005,2025-09-18,7.38,373.9,58.7,123.6,1.14,0.51,Clay
P0005,2025-02-14,7.35,288.1,17.5,290.8,0.5,1.46,Clay
P0005,2024-01-15,7.66,241.8,56.0,179.8,1.11,0.38,Clay
P0006,2024-07-27,6.07,361.3,49.1,143.4,0.89,0.41,Loam
P0006,2024-07-30,7.3,398.7,24.1,229.0,0.8,1.08,Loam
P0006,2024-05-29,5.59,393.3,21.8,179.2,0.6,1.5,Loam
P0007,2025-04-14,5.76,251.3,53.6,294.4,0.78,0.61,Alluvial
P0007,2025-01-27,7.63,326.1,22.8,101.0,0.37,0.9,Alluvial
P0007,2024-08-28,6.91,219.2,40.3,227.6,1.26,1.8,Alluvial
P0008,2024-01-06,6.26,293.5,25.1,166.8,0.75,2.42,Clay
P0009,2024-02-12,7.24,192.9,35.2,284.7,1.35,0.42,Sandy Loam
P0009,2024-11-20,7.63,241.2,23.0,148.9,1.47,1.3,Sandy Loam
P0009,2024-10-14,7.74,379.3,24.1,272.9,1.04,1.93,Sandy Loam
P0010,2025-06-13,6.44,369.9,25.8,298.8,1.22,0.46,Sandy Loam
P0010,2025-11-04,7.41,243.2,19.4,92.0,0.52,1.23,Sandy Loam
P0011,2025-04-23,6.81,398.7,56.4,89.0,0.73,1.8,Clay Loam
P0012,2025-04-13,6.98,356.8,53.3,107.2,0.41,2.18,Sandy Loam
P0012,2024-07-03,8.0,330.0,51.1,203.9,1.1,0.61,Sandy Loam
P0013,2025-06-22,7.8,170.6,56.0,134.2,0.9,0.33,Loam
P0014,2024-01-27,6.35,394.8,16.1,162.2,1.41,0.35,Clay
P0014,2024-11-27,5.96,142.7,51.5,225.1,0.84,2.39,Clay
P0015,2025-11-04,5.52,391.5,42.8,289.2,0.69,1.86,Sandy Loam
P0015,2025-08-05,5.89,361.7,50.1,142.2,1.26,1.89,Sandy Loam
P0015,2025-07-14,8.36,226.8,29.9,119.2,1.46,2.18,Sandy Loam
P0016,2024-01-22,8.06,165.6,49.0,142.7,1.2,1.67,Clay
P0017,2024-11-01,6.97,241.1,50.3,148.2,1.12,0.42,Sandy Loam
P0018,2024-04-08,8.0,263.5,34.5,274.8,0.87,1.45,Loam
P0018,2025-03-09,5.77,238.3,28.4,121.0,1.06,0.32,Loam
P0018,2025-06-09,6.53,249.8,21.2,231.0,0.49,1.29,Loam
P0019,2025-10-24,7.07,201.4,31.9,279.6,0.87,0.46,Clay Loam
P0019,2024-05-10,7.55,204.1,22.4,174.1,0.98,1.42,Clay Loam
P0019,2024-02-16,7.04,263.0,30.7,182.2,1.16,2.05,Clay Loam
P0020,2024-09-17,7.26,335.2,10.8,242.9,0.86,1.99,Clay Loam
P0020,2025-02-06,5.64,236.6,45.2,149.1,1.17,1.92,Clay Loam
P0021,2025-09-30,7.92,215.6,55.9,258.2,0.55,0.29,Clay
P0021,2025-09-10,6.28,308.6,31.7,83.9,0.77,0.13,Clay
P0022,2025-05-03,6.88,233.4,42.9,243.7,1.17,0.83,Clay
P0022,2025-09-23,6.58,308.7,44.5,166.9,0.66,0.4,Clay
P0022,2024-01-15,6.07,348.5,44.8,121.4,0.33,1.25,Clay
P0023,2025-10-27,6.23,355.8,52.9,198.5,0.4,1.95,Sandy Loam
P0024,2025-04-30,6.77,152.6,55.1,242.5,0.83,1.26,Loam
P0025,2025-04-05,7.26,176.4,38.5,263.4,0.36,0.12,Sandy Loam
P0026,2025-03-18,8.44,357.6,46.9,211.1,0.97,0.8,Clay
P0026,2025-05-14,6.7,263.7,46.2,285.8,1.39,2.18,Clay
P0026,2024-08-25,7.64,267.9,31.1,149.5,0.38,2.24,Clay
P0027,2025-04-29,5.85,294.4,42.3,178.6,0.82,0.49,Clay Loam
P0027,2024-07-15,6.91,242.7,35.4,209.3,1.12,2.31,Clay Loam
P0028,2025-11-03,6.91,367.3,46.1,165.9,0.8,2.36,Alluvial
P0028,2025-10-30,7.7,342.9,50.0,265.8,1.05,0.78,Alluvial
P0028,2024-03-29,7.5,156.1,20.0,213.3,0.42,1.1,Alluvial
P0029,2024-11-06,6.2,275.9,60.0,158.9,0.61,1.72,Clay Loam
P0029,2024-06-27,7.98,370.4,11.6,94.0,0.82,1.58,Clay Loam
P0030,2025-07-29,6.17,192.2,27.0,158.2,0.36,2.21,Clay Loam
P0031,2024-06-03,8.06,364.6,40.2,102.9,0.36,2.37,Sandy Loam
P0031,2025-04-13,8.39,331.6,58.7,252.0,1.03,2.16,Sandy Loam
P0032,2025-07-29,5.63,149.5,41.5,271.6,1.39,0.48,Loam
P0033,2025-03-28,7.79,259.5,53.5,113.9,0.74,2.07,Alluvial
P0033,2024-05-05,8.05,243.0,30.8,249.2,0.59,2.04,Alluvial
P0034,2024-10-20,7.02,143.9,28.6,246.1,0.73,1.7,Alluvial
P0034,2024-06-04,7.76,268.3,49.4,110.4,0.81,2.3,Alluvial
P0035,2025-06-12,7.88,221.3,11.5,112.0,0.31,2.03,Clay Loam
P0035,2024-03-12,5.75,208.1,59.1,116.2,0.37,1.92,Clay Loam
P0036,2025-10-18,5.95,280.9,58.9,295.6,1.26,2.2,Alluvial
P0036,2024-10-29,6.76,368.0,45.0,272.2,1.17,0.85,Alluvial
P0036,2024-12-18,5.52,198.3,36.4,282.5,1.14,1.17,Alluvial
P0037,2025-07-11,7.37,293.1,32.1,156.0,1.27,1.66,Clay
P0038,2024-11-04,5.75,270.5,29.5,238.2,1.36,1.35,Sandy Loam
P0039,2024-10-17,6.14,263.3,25.6,155.0,1.06,0.16,Clay
P0039,2025-07-06,7.28,187.6,48.7,239.8,1.48,0.37,Clay
P0039,2024-03-02,8.02,192.7,35.4,107.2,1.21,2.36,Clay
P0040,2024-11-01,7.22,121.5,26.9,131.9,1.19,1.5,Loam
P0040,2025-10-04,7.5,356.5,21.7,145.8,1.1,2.06,Loam
P0041,2025-11-19,5.92,225.7,46.9,103.1,0.92,0.56,Alluvial
P0041,2025-01-04,6.86,161.0,31.3,170.7,0.41,1.12,Alluvial
P0041,2024-05-13,6.93,244.9,28.5,195.8,1.01,1.35,Alluvial
P0042,2024-09-27,7.25,298.2,59.8,231.6,1.44,1.86,Clay Loam
P0042,2025-03-02,7.97,160.4,16.4,236.5,0.46,1.79,Clay Loam
P0043,2024-04-30,7.58,247.5,11.6,114.5,0.97,2.31,Loam
P0043,2024-05-01,7.3,234.4,16.0,205.8,0.35,0.47,Loam
P0043,2025-01-15,6.41,224.8,24.7,86.2,0.47,1.98,Loam
P0044,2024-02-19,8.31,205.4,24.2,120.3,1.19,0.11,Clay
P0044,2025-07-14,6.55,363.7,30.9,206.1,0.98,2.26,Clay
P0045,2025-05-01,8.0,353.4,16.6,110.5,1.06,1.93,Clay
P0045,2025-11-14,6.85,362.6,26.3,256.0,1.1,1.08,Clay
P0046,2025-02-08,6.52,132.8,43.5,177.5,0.63,0.31,Sandy Loam
P0047,2024-01-26,7.22,342.9,45.4,203.4,0.45,1.44,Clay Loam
P0048,2025-09-25,7.13,332.1,57.9,194.8,1.2,1.31,Alluvial
P0049,2024-05-03,7.47,268.9,58.1,140.5,0.55,2.09,Loam
P0050,2025-03-30,5.75,269.4,26.0,209.6,0.89,2.34,Clay Loam
P0050,2024-12-14,6.81,236.2,53.0,149.8,0.61,0.38,Clay Loam
P0050,2024-04-11,7.13,199.9,19.1,249.0,0.49,2.39,Clay Loam
P0051,2024-06-22,5.68,389.1,19.1,236.9,0.66,0.34,Clay
P0051,2024-05-25,6.74,210.8,28.8,262.1,0.45,0.59,Clay
P0051,2025-09-03,7.26,258.0,47.6,164.7,0.44,0.25,Clay
P0052,2025-07-20,6.72,255.6,30.4,131.4,1.36,0.75,Loam
P0052,2025-08-23,7.53,189.0,37.7,252.7,0.67,1.08,Loam
P0053,2025-10-13,7.0,339.2,17.1,198.9,0.5,0.69,Clay Loam
P0054,2025-07-22,6.86,120.3,33.2,262.5,0.65,2.43,Clay Loam
P0054,2024-01-01,5.68,378.1,23.7,135.2,1.12,2.5,Clay Loam
P0055,2024-08-05,7.26,262.9,12.3,242.6,0.98,0.82,Loam
P0055,2025-02-08,7.6,352.5,46.3,299.7,1.35,0.61,Loam
P0055,2025-05-31,8.37,209.1,44.1,155.4,0.61,1.91,Loam
P0056,2024-10-06,6.24,395.2,27.1,181.2,1.02,0.14,Alluvial
P0056,2024-05-16,7.44,120.6,33.8,278.3,1.11,1.09,Alluvial
P0057,2025-05-15,7.79,270.7,49.4,222.8,0.39,0.17,Sandy Loam
P0057,2025-11-18,6.84,154.6,58.6,162.8,1.02,1.03,Sandy Loam
P0057,2024-01-09,5.87,223.7,19.6,82.1,1.19,1.92,Sandy Loam
P0058,2025-01-01,6.07,348.6,41.3,257.9,0.57,2.45,Loam
P0058,2025-01-06,5.61,258.0,45.2,213.3,0.31,2.46,Loam
P0058,2025-10-15,6.69,363.6,38.5,188.7,0.96,1.68,Loam
P0059,2025-11-19,7.55,278.2,13.3,108.2,0.38,0.72,Clay
P0059,2025-08-06,8.07,366.7,46.4,140.4,1.32,0.16,Clay
P0059,2025-11-25,7.1,190.8,38.0,179.9,1.43,1.64,Clay
P0060,2024-02-23,8.06,210.4,52.2,169.5,0.45,1.34,Clay
P0060,2025-05-22,6.58,332.5,54.2,129.4,0.63,1.11,Clay
P0060,2025-04-04,6.45,229.7,26.7,273.6,1.27,2.48,Clay
P0061,2025-03-09,8.37,376.8,19.8,152.4,0.38,1.6,Alluvial
P0062,2025-05-06,6.8,126.7,49.9,285.7,1.31,0.69,Loam
P0063,2024-09-01,8.38,353.1,51.1,194.3,0.58,0.27,Sandy Loam
P0063,2025-09-06,7.36,333.9,41.3,207.4,0.4,0.25,Sandy Loam
P0064,2025-01-21,6.44,357.4,13.3,108.1,1.4,1.16,Alluvial
P0065,2025-09-17,7.38,138.4,43.9,203.0,0.65,1.02,Sandy Loam
P0065,2024-04-08,7.35,235.1,53.2,253.2,1.05,1.19,Sandy Loam
P0066,2025-03-14,8.14,293.4,27.0,286.3,1.24,1.19,Sandy Loam
P0066,2024-12-02,7.26,150.2,10.6,236.9,1.01,2.12,Sandy Loam
P0067,2024-05-09,7.41,191.8,31.1,239.4,0.83,0.68,Loam
P0067,2024-02-15,5.68,207.3,31.8,291.1,1.21,0.85,Loam
P0067,2025-07-08,7.83,161.3,25.4,155.4,0.74,0.12,Loam
P0068,2025-11-04,7.53,136.0,35.4,263.7,1.33,1.11,Clay Loam
P0068,2024-07-19,8.43,299.4,20.1,95.0,0.53,1.24,Clay Loam
P0068,2025-04-23,7.3,212.7,38.9,291.9,1.04,1.1,Clay Loam
P0069,2024-04-17,6.86,341.0,12.1,128.3,0.3,0.64,Loam
P0070,2025-04-22,7.37,186.9,46.7,289.6,0.7,1.88,Alluvial
P0071,2025-02-13,6.05,397.2,28.1,96.2,0.34,0.38,Sandy Loam
P0072,2025-03-26,6.08,284.0,48.3,89.7,0.34,0.57,Clay Loam
P0072,2024-06-27,6.16,193.4,18.7,266.5,0.6,0.57,Clay Loam
P0073,2024-09-25,8.23,125.9,43.9,163.4,1.24,0.37,Alluvial
P0074,2024-11-08,6.87,223.5,28.6,117.7,0.93,2.02,Loam
P0075,2025-03-20,8.14,138.3,17.2,283.3,1.25,0.56,Alluvial
P0075,2025-01-22,7.58,209.0,31.5,220.0,1.41,1.93,Alluvial
P0075,2025-08-24,6.07,269.9,49.5,152.1,0.36,2.01,Alluvial
P0076,2025-06-04,8.41,368.0,20.5,97.9,0.86,1.69,Alluvial
P0077,2024-06-20,7.03,330.4,42.3,192.0,0.9,1.21,Alluvial
P0078,2025-01-17,7.08,255.3,57.8,184.2,1.0,1.63,Loam
P0078,2025-08-20,7.45,178.0,54.7,179.5,0.58,0.62,Loam
P0079,2025-01-21,7.21,381.9,28.7,201.1,0.46,0.3,Clay
P0079,2025-03-31,7.06,184.4,12.1,192.7,0.7,1.18,Clay
P0080,2025-02-22,6.6,259.3,23.7,85.4,0.83,0.74,Sandy Loam
P0080,2024-03-18,6.58,143.1,52.1,192.8,1.07,1.99,Sandy Loam
P0081,2024-04-10,5.86,220.9,37.3,153.4,1.11,0.7,Clay
P0082,2025-11-30,8.04,173.4,40.2,110.3,1.33,1.82,Alluvial
P0082,2025-07-10,8.24,122.4,25.0,260.9,1.24,1.07,Alluvial
P0082,2025-02-19,7.97,332.2,10.6,223.9,1.49,2.38,Alluvial
P0083,2024-08-21,6.18,329.8,33.7,193.5,1.24,1.92,Alluvial
P0083,2025-04-17,6.52,144.0,52.3,174.3,1.43,1.1,Alluvial
P0084,2025-04-05,8.06,128.4,16.9,272.2,0.67,1.87,Loam
P0084,2025-05-26,7.93,353.6,27.0,172.2,1.12,1.07,Loam
P0085,2025-07-04,6.4,284.3,38.4,87.1,0.47,2.45,Loam
P0085,2024-12-04,7.2,343.8,55.7,206.3,0.77,1.02,Loam
P0085,2025-02-04,5.69,228.2,33.7,152.3,1.45,1.63,Loam
P0086,2024-04-05,6.01,309.0,18.9,261.8,1.02,0.16,Clay Loam
P0086,2024-07-22,5.71,389.6,24.2,131.3,1.09,0.27,Clay Loam
P0087,2025-01-12,7.06,168.1,53.0,170.4,0.49,0.37,Loam
P0088,2025-03-04,6.93,139.3,57.8,270.5,0.46,0.59,Loam
P0088,2025-03-18,7.95,306.1,17.9,206.5,0.67,0.59,Loam
P0088,2025-04-14,6.33,122.1,17.1,94.1,0.78,2.04,Loam
P0089,2024-12-02,8.23,366.2,33.0,206.7,1.18,0.79,Alluvial
P0089,2025-04-12,6.54,355.9,49.6,166.0,1.29,2.14,Alluvial
P0089,2025-03-01,6.25,372.0,46.7,180.7,1.39,0.54,Alluvial
P0090,2024-04-07,6.68,384.8,22.0,271.5,0.63,1.61,Sandy Loam
P0090,2024-10-25,7.5,138.7,46.3,278.5,1.39,1.09,Sandy Loam
P0090,2025-07-20,5.86,223.2,47.8,191.0,1.24,1.08,Sandy Loam
P0091,2024-09-15,6.12,132.5,11.3,220.6,1.11,1.21,Alluvial
P0092,2025-02-12,8.07,231.1,10.5,105.2,1.4,0.89,Clay Loam
P0092,2025-04-20,6.95,139.1,37.4,133.3,1.44,0.44,Clay Loam
P0093,2024-06-14,6.01,125.1,15.0,144.7,0.94,1.04,Clay
P0093,2024-03-20,7.51,123.1,23.7,176.9,0.51,1.81,Clay
P0094,2025-06-29,6.15,315.1,51.8,258.5,1.07,1.82,Alluvial
P0094,2024-04-15,6.67,206.3,12.6,81.0,1.23,1.94,Alluvial
P0094,2024-09-12,6.62,186.8,14.6,172.8,1.49,0.91,Alluvial
P0095,2025-11-27,7.51,181.8,54.1,255.3,1.3,0.5,Alluvial
P0096,2024-02-15,6.75,150.2,26.4,203.7,0.53,0.6,Alluvial
P0097,2025-02-08,8.32,153.8,20.7,158.4,0.51,1.07,Loam
P0097,2024-11-19,5.54,179.6,21.0,224.8,0.63,1.6,Loam
P0097,2024-02-14,5.7,181.2,25.1,211.8,1.48,0.34,Loam
P0098,2025-08-05,6.01,388.5,40.0,295.9,1.14,1.73,Loam
P0098,2024-05-16,6.5,297.9,54.2,150.0,1.32,1.26,Loam
P0098,2024-12-09,5.55,375.4,32.4,192.4,1.19,1.31,Loam
P0099,2024-01-14,6.2,292.6,54.8,147.9,1.19,1.92,Loam
P0099,2025-09-26,5.74,158.5,34.9,124.4,0.75,1.64,Loam
P0099,2024-08-31,8.27,287.5,57.3,242.6,0.69,0.77,Loam
P0100,2024-02-10,7.06,393.7,42.4,143.5,0.33,2.13,Alluvial
P0100,2024-12-05,6.53,177.6,12.7,281.9,1.49,2.02,Alluvial
P0100,2024-08-15,7.32,226.8,26.1,177.3,0.31,2.19,Alluvial
P0101,2024-07-16,5.66,397.8,56.9,107.6,0.51,1.42,Alluvial
P0102,2024-08-29,7.02,239.3,33.4,116.1,0.54,1.12,Loam
P0103,2024-09-11,6.41,281.4,58.4,124.3,1.33,1.25,Sandy Loam
P0103,2025-01-03,6.69,167.0,32.1,191.2,1.18,1.92,Sandy Loam
P0103,2025-05-08,5.56,226.8,52.7,246.9,1.41,1.53,Sandy Loam
P0104,2025-07-20,7.68,192.0,33.2,179.8,0.75,1.55,Clay
P0105,2024-12-07,5.91,251.4,17.7,121.7,0.32,1.3,Clay Loam
P0106,2025-01-18,6.97,379.2,57.0,293.5,0.75,1.27,Alluvial
P0106,2025-10-18,8.46,139.9,54.2,298.3,0.45,2.34,Alluvial
P0106,2024-06-15,6.08,242.2,22.8,280.9,1.17,1.32,Alluvial
P0107,2025-10-12,7.57,315.0,42.5,283.8,1.18,0.68,Sandy Loam
P0107,2024-02-05,8.26,221.2,45.3,86.2,1.1,0.45,Sandy Loam
P0108,2025-04-11,8.33,161.3,22.4,207.2,1.1,0.49,Alluvial
P0108,2024-04-29,7.81,300.4,55.8,167.5,1.0,2.26,Alluvial
P0108,2025-06-14,8.23,365.3,18.3,173.9,1.13,1.3,Alluvial
P0109,2025-11-05,8.16,284.1,46.7,245.5,1.41,2.19,Sandy Loam
P0109,2024-04-21,7.41,337.5,27.2,111.4,1.2,2.33,Sandy Loam
P0109,2025-02-11,7.6,121.8,18.4,188.2,0.42,1.96,Sandy Loam
P0110,2025-06-21,6.75,200.7,31.5,118.8,0.52,0.42,Alluvial
P0110,2025-05-13,6.05,385.6,32.5,259.2,0.52,0.24,Alluvial
P0111,2024-07-15,6.28,372.6,30.4,217.9,1.05,2.18,Clay
P0112,2024-03-22,6.38,225.8,23.8,155.3,1.0,1.25,Clay Loam
P0113,2024-04-13,5.53,194.5,57.8,226.4,1.25,0.2,Clay Loam
P0113,2024-08-04,7.07,122.0,40.1,297.1,1.21,2.34,Clay Loam
P0113,2025-04-29,7.77,289.2,26.8,230.0,0.71,0.86,Clay Loam
P0114,2025-01-04,7.5,226.0,12.9,158.3,0.7,0.34,Clay
P0115,2025-02-15,7.68,368.6,16.9,212.4,1.34,0.77,Loam
P0115,2024-09-11,6.61,293.1,42.9,184.5,0.8,0.55,Loam
P0116,2024-11-25,5.55,220.9,12.3,257.7,0.69,1.17,Clay Loam
P0116,2025-09-13,6.95,327.0,49.7,156.6,1.43,2.36,Clay Loam
P0116,2025-05-02,8.46,360.0,55.3,241.5,0.65,0.57,Clay Loam
P0117,2025-06-16,8.13,339.8,45.8,87.0,0.9,0.31,Loam
P0118,2025-07-15,8.46,250.7,54.8,290.1,0.88,1.4,Loam
P0118,2024-09-06,6.13,330.9,43.0,99.7,0.82,1.82,Loam
P0118,2024-06-13,8.29,211.4,29.2,141.7,1.16,1.7,Loam
P0119,2024-05-06,7.5,378.4,41.7,188.2,1.25,0.9,Clay Loam
P0119,2024-08-17,8.3,334.6,40.0,221.7,0.75,1.82,Clay Loam
P0119,2025-01-25,7.46,339.8,58.3,176.1,0.58,0.72,Clay Loam
P0120,2024-03-30,5.83,215.3,39.6,121.4,1.43,1.47,Sandy Loam
P0120,2024-05-10,8.06,387.1,38.8,80.4,0.37,1.39,Sandy Loam
P0121,2025-03-09,6.46,222.2,44.0,255.2,0.92,1.54,Clay
P0121,2024-08-15,5.82,122.6,52.6,149.5,1.28,0.81,Clay
P0122,2025-05-26,7.54,161.3,24.2,244.4,1.32,2.09,Alluvial
P0123,2025-09-05,6.46,260.7,44.4,140.2,1.32,1.48,Loam
P0124,2024-08-08,6.99,317.2,28.8,295.9,0.7,2.09,Clay
P0124,2024-08-03,8.04,381.6,21.3,241.9,1.41,1.96,Clay
P0124,2025-05-14,7.68,203.7,50.8,280.7,0.49,0.15,Clay
P0125,2024-12-11,6.77,252.6,27.4,166.1,0.39,1.84,Loam
P0125,2024-10-16,7.59,174.6,52.8,166.6,0.46,1.91,Loam
P0126,2024-02-25,8.05,318.7,32.9,116.0,0.47,1.77,Clay
P0126,2024-10-25,8.19,178.7,50.2,123.0,1.08,0.97,Clay
P0126,2025-08-12,5.81,339.9,52.9,162.8,1.48,1.73,Clay
P0127,2024-02-27,5.79,392.8,19.0,91.5,1.48,1.66,Alluvial
P0128,2025-03-20,8.41,295.6,30.2,87.5,0.59,1.27,Alluvial
P0128,2025-09-02,8.36,302.8,28.8,232.2,1.25,1.68,Alluvial
P0128,2025-04-19,8.09,302.1,23.8,223.7,0.74,0.39,Alluvial
P0129,2024-05-04,6.97,307.3,35.5,85.1,0.99,1.47,Clay
P0130,2024-04-06,7.88,170.7,34.2,221.8,0.82,1.47,Loam
P0130,2024-04-11,6.48,319.9,53.1,198.3,0.79,1.78,Loam
P0131,2025-07-23,7.95,339.4,36.5,94.1,1.3,1.39,Clay
P0131,2025-10-29,5.87,330.8,58.3,277.5,0.52,1.54,Clay
P0132,2024-01-06,7.16,344.1,16.2,108.3,0.55,0.49,Loam
P0133,2024-09-19,8.05,129.8,59.0,191.4,0.74,1.41,Loam
P0133,2025-03-09,8.43,304.3,22.4,90.2,1.43,2.27,Loam
P0133,2024-10-27,7.48,244.6,38.9,232.9,0.93,2.47,Loam
P0134,2025-09-12,7.11,178.8,15.0,260.3,0.58,0.55,Loam
P0134,2024-11-02,8.07,180.3,16.7,201.5,1.01,0.77,Loam
P0135,2025-09-29,6.77,274.0,23.0,222.9,0.5,1.19,Clay
P0135,2024-09-17,7.53,383.3,17.2,124.8,1.06,0.75,Clay
P0135,2025-10-10,7.59,173.9,28.6,224.6,1.28,1.55,Clay
P0136,2024-06-06,6.45,340.6,28.9,292.1,0.6,0.75,Clay
P0136,2025-06-28,5.83,273.5,13.3,220.8,0.74,0.9,Clay
P0137,2024-05-29,8.11,183.2,10.5,163.0,1.46,1.01,Alluvial
P0137,2024-04-17,7.85,154.6,36.3,272.6,1.01,2.04,Alluvial
P0138,2025-06-25,6.55,280.2,24.1,139.6,0.42,0.22,Clay
P0139,2025-02-02,6.04,345.7,43.9,253.5,0.96,2.22,Clay Loam
P0139,2025-02-16,6.93,155.7,10.5,193.0,0.49,0.4,Clay Loam
P0140,2025-08-04,7.71,134.8,46.3,294.4,1.15,0.7,Sandy Loam
P0140,2025-09-15,6.75,248.2,31.9,157.9,0.86,0.79,Sandy Loam
P0141,2025-06-17,8.33,366.8,50.7,147.1,1.33,2.37,Clay Loam
P0141,2025-02-20,7.81,356.7,41.7,96.9,0.59,0.32,Clay Loam
P0142,2024-02-28,5.75,200.0,56.5,257.8,0.31,2.38,Loam
P0142,2025-11-24,7.03,324.6,34.0,193.3,1.5,2.23,Loam
P0142,2024-05-07,6.72,292.6,55.5,244.1,1.16,1.79,Loam
P0143,2024-12-19,6.23,326.9,57.5,261.1,1.36,1.37,Alluvial
P0143,2025-09-15,5.63,245.6,18.4,284.6,1.22,2.27,Alluvial
P0143,2024-06-28,5.73,355.0,35.7,289.5,0.81,1.01,Alluvial
P0144,2024-04-25,6.51,310.1,51.6,267.2,1.33,0.8,Clay
P0144,2025-05-09,6.38,179.7,46.9,205.1,0.56,0.83,Clay
P0145,2025-06-11,7.98,129.9,33.2,215.9,0.89,0.95,Sandy Loam
P0145,2025-09-22,6.88,203.5,15.4,156.9,1.17,1.06,Sandy Loam
P0145,2024-01-10,5.8,257.8,14.2,193.2,0.48,0.4,Sandy Loam
P0146,2024-01-08,5.97,303.9,21.3,167.0,0.66,1.13,Sandy Loam
P0146,2024-07-05,7.11,195.5,59.5,224.4,0.83,0.44,Sandy Loam
P0147,2025-03-20,5.52,367.4,45.5,104.3,0.64,0.42,Loam
P0147,2025-03-07,7.73,372.3,18.0,123.8,0.88,1.7,Loam
P0147,2024-09-29,5.86,256.9,34.8,230.0,0.45,1.9,Loam
P0148,2025-05-28,7.68,327.7,51.3,108.9,1.45,2.0,Clay
P0148,2024-05-09,5.97,260.0,48.4,132.0,1.11,0.92,Clay
P0149,2024-01-09,6.8,201.1,34.3,247.4,0.6,0.47,Clay
P0149,2025-06-07,6.06,198.7,15.8,138.0,1.14,1.7,Clay
P0149,2025-03-15,6.1,317.8,50.5,234.3,0.9,0.53,Clay
P0150,2025-10-06,7.4,184.2,16.6,88.4,1.49,2.33,Alluvial
P0150,2025-03-12,5.55,175.9,53.2,163.7,0.93,1.78,Alluvial
P0150,2024-08-24,6.17,239.3,13.1,174.0,0.36,0.36,Alluvial
P0151,2024-10-14,8.33,319.2,22.3,276.9,0.52,0.1,Clay Loam
P0151,2025-11-07,7.73,179.4,33.6,279.9,0.42,0.54,Clay Loam
P0152,2025-01-07,6.5,151.2,43.4,230.3,1.22,0.41,Sandy Loam
P0152,2025-01-04,7.72,221.2,48.9,196.3,0.75,1.66,Sandy Loam
P0153,2025-08-21,6.65,368.4,16.5,243.4,0.44,1.51,Clay Loam
P0154,2024-07-14,6.08,244.8,14.9,287.2,1.04,0.82,Clay Loam
P0154,2025-04-30,8.47,176.6,46.0,89.6,0.53,1.42,Clay Loam
P0154,2024-09-15,8.17,332.6,52.3,203.3,0.72,0.98,Clay Loam
P0155,2024-04-30,8.23,139.0,31.0,284.9,0.9,0.15,Loam
P0155,2025-09-05,6.32,390.9,24.5,290.3,0.37,2.43,Loam
P0155,2024-07-13,7.72,231.3,44.2,271.5,1.47,0.5,Loam
P0156,2025-01-28,7.19,229.3,40.4,125.5,0.3,1.47,Clay
P0156,2025-08-29,7.59,366.2,49.5,180.2,1.15,1.36,Clay
P0156,2024-11-06,8.06,203.0,23.4,106.2,0.57,1.38,Clay
P0157,2024-02-10,7.42,383.8,23.9,109.3,1.35,0.22,Loam
P0157,2024-09-11,8.47,178.8,15.8,222.7,1.06,2.43,Loam
P0158,2024-03-26,8.34,367.5,23.2,109.4,1.38,0.81,Clay
P0158,2024-02-28,7.38,122.9,27.8,240.7,0.64,0.71,Clay
P0159,2025-07-04,7.47,363.0,57.0,208.3,1.17,1.75,Loam
P0160,2024-09-20,8.11,297.6,37.5,259.7,0.56,0.75,Loam
P0160,2025-08-18,7.39,360.3,29.8,178.1,1.18,1.14,Loam
P0160,2024-05-31,8.21,146.2,19.1,120.7,1.33,0.55,Loam
P0161,2024-07-03,7.44,125.9,18.1,119.1,0.77,1.56,Alluvial
P0161,2024-03-12,5.93,239.4,32.8,221.9,0.78,1.84,Alluvial
P0162,2024-01-13,7.31,225.8,11.0,261.8,1.22,1.65,Clay
P0163,2024-05-15,6.25,143.4,17.1,218.0,0.32,2.42,Sandy Loam
P0164,2025-07-09,7.71,214.7,45.4,124.5,0.88,1.45,Alluvial
P0165,2024-06-16,6.42,254.1,22.2,199.6,0.62,1.4,Sandy Loam
P0165,2024-01-22,7.97,148.8,24.8,192.5,1.3,0.44,Sandy Loam
P0166,2024-01-25,6.18,227.9,27.7,143.1,1.41,1.74,Clay Loam
P0167,2024-04-25,6.98,397.4,21.2,290.4,0.64,0.28,Sandy Loam
P0167,2024-12-07,5.86,378.5,56.0,277.0,1.03,0.53,Sandy Loam
P0167,2025-06-27,6.5,170.8,31.3,276.5,1.12,1.6,Sandy Loam
P0168,2024-12-22,8.13,195.9,35.0,161.2,0.62,2.28,Loam
P0168,2024-03-19,7.87,361.3,58.9,251.1,0.48,0.45,Loam
P0169,2025-05-04,7.94,151.7,31.4,239.9,0.47,0.88,Sandy Loam
P0169,2024-05-10,6.05,227.8,26.0,173.2,1.13,1.09,Sandy Loam
P0170,2024-12-07,5.91,384.3,56.1,164.3,0.96,1.39,Clay
P0170,2025-05-19,7.1,350.0,29.2,207.8,0.81,1.49,Clay
P0170,2024-08-12,7.61,185.9,10.1,298.7,0.32,1.44,Clay
P0171,2024-04-22,5.68,217.8,52.4,270.7,1.28,0.81,Sandy Loam
P0172,2025-07-18,8.42,375.6,22.1,262.1,0.37,0.43,Clay
P0173,2024-05-26,6.63,127.4,58.2,161.8,1.14,1.69,Sandy Loam
P0173,2024-03-16,6.93,286.3,17.9,112.3,0.47,0.69,Sandy Loam
P0173,2024-01-13,7.21,347.8,17.5,120.1,1.19,1.9,Sandy Loam
P0174,2024-11-02,6.91,322.3,32.2,221.9,0.32,0.37,Clay
P0174,2024-03-02,8.14,129.0,47.6,190.7,0.31,2.1,Clay
P0174,2025-11-27,8.34,247.2,45.6,136.8,0.99,0.83,Clay
P0175,2025-03-09,8.29,196.1,14.6,163.1,1.44,1.88,Alluvial
P0176,2025-09-25,5.67,229.8,51.1,294.7,1.03,0.29,Clay Loam
P0176,2025-04-24,6.93,302.8,30.3,163.7,0.37,0.99,Clay Loam
P0177,2024-07-18,6.31,149.2,28.1,251.3,0.7,0.67,Clay
P0177,2024-06-15,7.12,138.3,39.9,246.4,0.67,1.42,Clay
P0178,2024-02-03,6.22,143.8,38.5,89.9,1.48,1.26,Clay
P0178,2024-02-19,6.44,384.2,10.4,158.5,0.64,1.06,Clay
P0178,2024-07-18,6.44,229.4,27.8,108.5,1.11,0.9,Clay
P0179,2025-05-30,5.8,346.1,17.5,209.2,0.76,1.51,Clay Loam
P0179,2024-02-08,6.37,162.4,33.2,274.7,0.41,1.82,Clay Loam
P0179,2024-08-08,7.92,303.2,48.4,115.4,1.46,1.34,Clay Loam
P0180,2025-09-15,7.45,380.5,27.1,252.8,0.71,0.96,Alluvial
P0180,2025-03-17,5.62,319.6,44.1,132.6,1.5,1.56,Alluvial
P0180,2024-06-05,7.2,398.4,14.9,83.3,1.22,0.84,Alluvial
P0181,2025-05-25,5.78,207.8,56.7,115.5,0.64,0.97,Clay Loam
P0182,2024-03-13,6.04,336.1,22.9,184.1,0.61,2.2,Alluvial
P0183,2024-05-23,8.32,392.1,34.4,160.0,0.64,1.08,Loam
P0183,2025-09-26,8.25,156.1,28.3,265.9,1.44,1.0,Loam
P0183,2025-11-29,6.74,246.0,53.9,298.1,0.35,2.45,Loam
P0184,2024-09-07,7.6,277.0,17.7,103.2,0.75,1.47,Sandy Loam
P0185,2024-08-16,6.66,249.4,14.7,182.5,1.07,2.26,Clay Loam
P0186,2024-04-21,5.76,324.9,55.9,282.9,1.22,0.58,Alluvial
P0186,2024-12-02,5.69,215.9,40.2,126.8,1.19,0.37,Alluvial
P0187,2024-02-09,7.14,385.6,17.3,127.0,0.98,2.47,Clay Loam
P0187,2025-01-24,5.69,346.4,49.5,295.3,0.56,0.61,Clay Loam
P0188,2025-12-01,6.77,190.6,18.8,111.2,0.63,0.3,Alluvial
P0189,2025-04-07,8.11,266.9,43.5,137.1,1.3,0.32,Sandy Loam
P0189,2025-03-14,6.53,330.9,18.2,156.8,0.8,1.24,Sandy Loam
P0189,2024-06-13,8.4,242.3,55.6,205.5,1.29,1.45,Sandy Loam
P0190,2024-07-22,5.73,307.0,40.8,151.2,1.48,2.35,Sandy Loam
P0190,2024-11-20,5.54,371.0,56.7,189.9,0.68,2.0,Sandy Loam
P0190,2025-11-21,6.72,265.8,10.2,179.1,1.3,0.4,Sandy Loam
P0191,2025-10-16,8.41,147.3,20.9,295.4,0.8,1.41,Sandy Loam
P0191,2024-06-19,7.3,180.5,20.5,122.1,1.12,2.39,Sandy Loam
P0192,2025-01-07,5.55,371.1,35.1,270.9,1.14,1.66,Alluvial
P0192,2025-04-11,6.74,218.5,51.4,173.7,1.47,0.91,Alluvial
P0193,2025-04-14,6.79,169.5,39.7,199.4,0.76,2.13,Clay Loam
P0194,2025-11-27,6.81,199.3,41.0,283.5,1.33,2.49,Clay Loam
P0194,2024-04-16,5.77,124.6,56.6,102.8,1.2,1.6,Clay Loam
P0194,2025-07-11,5.8,244.3,39.1,87.2,0.65,1.11,Clay Loam
P0195,2025-04-10,7.15,152.1,52.8,289.1,0.72,2.01,Alluvial
P0196,2025-02-26,8.22,300.6,49.2,167.1,1.43,1.98,Alluvial
P0196,2025-06-03,6.35,366.3,23.2,264.5,1.25,1.1,Alluvial
P0197,2024-01-05,8.2,236.1,10.8,113.7,0.75,2.06,Alluvial
P0198,2025-09-06,6.45,167.7,38.6,174.6,0.97,1.04,Clay
P0198,2025-09-23,7.43,352.0,50.1,207.1,0.45,1.63,Clay
P0198,2024-06-26,6.71,209.1,17.9,130.8,1.15,0.4,Clay
P0199,2025-10-08,7.23,229.8,48.1,281.7,1.3,0.48,Sandy Loam
P0200,2024-07-27,5.78,127.2,10.6,249.4,0.48,1.58,Sandy Loam
P0200,2025-07-10,8.26,142.1,29.1,243.3,0.46,1.19,Sandy Loam
P0201,2025-01-01,6.06,302.7,21.1,122.6,1.31,1.84,Sandy Loam
P0201,2025-01-22,7.81,304.6,23.7,285.7,1.05,1.63,Sandy Loam
P0201,2025-08-16,8.1,151.1,56.4,107.0,0.47,0.73,Sandy Loam
P0202,2024-04-05,5.73,356.5,55.6,125.8,0.42,2.01,Clay
P0203,2024-03-16,6.96,295.2,20.5,172.4,1.37,1.62,Clay
P0203,2025-04-06,7.93,170.3,10.5,119.3,0.98,1.56,Clay
P0204,2024-04-30,8.43,398.2,34.2,215.1,0.96,0.48,Clay
P0205,2024-09-17,8.28,174.0,11.5,85.1,0.91,0.47,Sandy Loam
P0205,2025-01-08,5.84,180.7,26.4,128.3,1.17,2.36,Sandy Loam
P0205,2024-10-01,6.32,175.8,14.6,235.8,1.08,1.22,Sandy Loam
P0206,2025-03-22,7.04,232.0,19.7,118.1,1.12,2.23,Sandy Loam
P0206,2024-10-14,8.39,148.8,49.7,209.3,0.5,0.59,Sandy Loam
P0207,2025-05-14,6.8,244.9,39.8,139.8,0.68,0.36,Loam
P0207,2025-01-27,6.79,278.8,28.7,219.2,0.38,0.5,Loam
P0207,2024-02-04,8.37,190.9,30.5,212.9,1.35,2.38,Loam
P0208,2024-12-26,6.69,152.1,50.5,174.5,0.52,0.69,Alluvial
P0208,2024-08-08,7.47,224.1,49.0,106.9,0.68,0.13,Alluvial
P0208,2024-12-02,6.14,278.9,26.1,131.2,0.38,0.78,Alluvial
P0209,2025-06-23,6.15,277.1,45.8,288.2,1.27,1.71,Clay Loam
P0210,2025-10-23,6.77,331.7,25.9,150.4,0.54,2.03,Loam
P0210,2025-05-25,5.64,196.8,16.0,179.6,1.02,1.52,Loam
P0210,2024-08-30,7.23,199.8,42.2,268.3,1.49,2.29,Loam
P0211,2024-05-14,8.02,232.8,54.8,282.0,0.35,1.65,Alluvial
P0211,2024-03-12,6.91,352.4,30.8,146.2,0.68,0.93,Alluvial
P0212,2025-07-23,7.82,258.3,12.4,145.7,1.48,1.28,Alluvial
P0213,2024-05-04,8.03,382.6,15.1,129.3,1.29,0.43,Clay Loam
P0213,2024-11-26,8.08,322.8,21.3,99.4,1.17,2.05,Clay Loam
P0213,2025-07-04,8.47,381.6,53.4,137.1,1.24,0.37,Clay Loam
P0214,2024-03-17,6.29,312.6,49.6,163.5,1.14,2.32,Alluvial
P0214,2025-08-20,6.88,155.4,53.1,245.7,1.37,2.42,Alluvial
P0215,2025-10-14,6.84,154.3,36.4,207.1,1.09,2.44,Sandy Loam
P0215,2024-11-25,7.82,255.2,14.6,248.6,1.15,0.95,Sandy Loam
P0216,2025-11-06,7.44,359.6,44.7,96.5,0.89,0.61,Alluvial
P0217,2024-08-09,6.9,227.8,34.4,154.9,1.28,1.93,Loam
P0217,2025-06-10,8.08,332.9,25.6,179.9,0.48,1.31,Loam
P0217,2024-05-13,6.16,221.8,58.8,270.9,0.92,1.97,Loam
P0218,2024-03-11,6.33,166.0,25.4,271.4,1.08,0.45,Alluvial
P0219,2024-04-22,6.22,370.3,19.4,86.3,1.09,1.19,Alluvial
P0220,2024-05-01,8.28,143.5,31.6,113.1,0.9,1.32,Loam
P0220,2024-02-24,6.82,223.5,12.5,164.2,1.41,0.57,Loam
P0221,2025-02-16,6.03,197.3,40.4,194.1,0.43,0.22,Clay
P0222,2024-04-23,6.16,134.9,11.8,138.6,0.38,0.34,Sandy Loam
P0223,2025-09-27,7.6,233.3,29.6,128.4,1.29,1.76,Clay Loam
P0224,2024-07-29,6.01,177.0,41.8,235.3,0.65,0.11,Sandy Loam
P0224,2024-07-08,7.01,316.1,33.8,147.2,1.39,0.67,Sandy Loam
P0225,2025-11-28,5.71,172.5,55.0,111.2,0.32,1.24,Loam
P0225,2024-12-08,5.56,392.8,54.1,117.6,1.21,0.12,Loam
P0226,2025-04-30,7.25,256.7,22.4,104.1,1.28,1.46,Alluvial
P0226,2024-10-24,8.01,267.1,18.4,112.2,0.41,0.83,Alluvial
P0227,2024-12-09,6.86,325.7,59.5,136.6,0.88,0.97,Clay
P0227,2024-01-14,7.98,204.3,26.7,193.9,1.1,2.18,Clay
P0227,2025-09-02,6.95,195.6,36.0,220.8,0.48,1.08,Clay
P0228,2025-11-06,8.48,220.0,11.5,207.1,1.13,1.13,Clay Loam
P0229,2024-04-01,6.08,387.3,41.9,292.4,1.35,1.73,Loam
P0230,2025-06-23,6.02,374.9,27.4,152.9,1.01,2.37,Clay Loam
P0230,2024-10-09,6.43,131.5,36.0,155.5,1.03,1.14,Clay Loam
P0231,2025-08-03,8.4,341.9,24.4,293.3,0.9,1.75,Sandy Loam
P0231,2025-04-22,7.54,266.5,24.5,202.8,0.5,1.27,Sandy Loam
P0232,2024-10-28,5.55,131.5,24.2,210.5,0.36,0.83,Alluvial
P0233,2024-12-26,7.48,120.2,22.6,157.0,0.64,2.16,Sandy Loam
P0233,2025-11-12,8.38,277.0,57.7,236.9,0.47,1.86,Sandy Loam
P0234,2025-08-22,8.25,201.4,11.6,285.2,0.6,1.73,Clay
P0234,2025-01-30,6.77,390.7,14.9,137.5,0.66,0.85,Clay
P0235,2025-03-22,7.54,210.3,38.9,230.3,0.54,0.43,Loam
P0235,2025-07-21,6.1,205.4,24.9,284.0,0.85,0.54,Loam
P0235,2025-03-23,5.79,267.4,44.7,190.8,1.12,0.96,Loam
P0236,2025-03-13,6.9,389.2,33.1,280.8,0.33,1.94,Clay Loam
P0236,2024-03-31,7.77,292.3,25.1,133.4,0.91,0.41,Clay Loam
P0237,2025-08-02,8.13,135.0,52.3,107.7,1.1,1.21,Clay Loam
P0237,2025-06-14,6.88,135.2,12.7,262.6,1.08,0.9,Clay Loam
P0237,2024-04-09,7.97,278.3,44.5,270.1,0.45,1.5,Clay Loam
P0238,2024-02-24,7.6,264.6,38.1,292.8,0.46,2.25,Loam
P0238,2025-10-17,8.06,204.2,25.5,297.6,0.31,1.26,Loam
P0238,2024-07-24,5.84,120.0,40.2,106.6,0.42,0.59,Loam
P0239,2024-01-26,8.0,244.3,12.8,106.8,0.79,2.46,Loam
P0239,2024-08-28,8.03,273.1,51.1,229.9,1.33,1.58,Loam
P0240,2024-05-29,7.41,171.7,50.9,224.6,0.5,1.88,Sandy Loam
P0240,2025-07-13,6.1,254.5,24.5,102.0,1.01,0.98,Sandy Loam
P0241,2025-02-04,6.66,344.0,33.2,259.0,0.48,0.78,Clay Loam
P0241,2024-05-03,7.19,123.1,25.1,221.9,1.37,1.59,Clay Loam
P0242,2024-12-29,8.39,251.0,46.2,140.9,1.48,0.96,Loam
P0243,2024-08-03,6.55,317.7,29.5,93.8,1.09,0.94,Clay Loam
P0243,2025-07-30,6.52,320.3,49.3,141.2,1.22,0.83,Clay Loam
P0243,2025-02-07,5.7,355.0,34.2,291.8,1.03,0.53,Clay Loam
P0244,2025-06-03,7.83,267.1,16.5,151.3,1.45,0.94,Loam
P0244,2025-09-24,7.99,138.9,11.5,241.2,0.58,1.7,Loam
P0244,2025-05-26,8.3,253.4,48.0,295.9,1.27,1.86,Loam
P0245,2024-04-17,8.2,168.7,54.6,246.3,0.8,0.25,Loam
P0246,2024-09-13,5.84,357.1,13.6,247.9,1.03,2.12,Sandy Loam
P0246,2024-06-27,6.46,315.6,28.9,297.6,0.99,0.58,Sandy Loam
P0246,2024-09-15,6.97,310.1,21.3,243.3,0.82,1.37,Sandy Loam
P0247,2024-03-29,7.25,296.2,43.4,124.8,1.27,2.24,Clay Loam
P0248,2025-02-21,7.2,362.1,27.0,230.1,1.45,1.85,Clay
P0248,2025-06-24,6.99,353.1,38.5,184.2,0.72,1.58,Clay
P0249,2024-05-21,7.9,242.9,41.3,272.3,0.98,0.41,Loam
P0249,2025-06-13,6.39,153.0,21.5,212.3,0.7,0.64,Loam
P0249,2024-10-23,8.27,190.4,45.2,94.9,1.35,2.42,Loam
P0250,2025-07-01,7.23,358.9,56.6,190.0,0.78,0.24,Alluvial
P0251,2024-04-23,7.25,382.3,59.2,223.7,0.34,1.11,Loam
P0251,2024-07-24,6.5,334.1,17.0,200.4,1.18,2.32,Loam
P0251,2025-11-10,8.24,137.5,34.7,257.2,0.98,1.56,Loam
P0252,2024-12-20,8.44,386.0,39.9,214.7,0.4,1.42,Sandy Loam
P0253,2024-10-04,7.67,149.1,34.8,129.6,0.72,1.25,Clay
P0254,2024-01-22,8.29,127.4,49.1,123.2,1.03,1.01,Clay Loam
P0255,2024-01-19,7.16,134.6,48.3,233.0,0.82,1.12,Alluvial
P0255,2024-05-21,5.85,153.0,40.8,278.8,0.72,0.92,Alluvial
P0255,2024-02-29,6.21,145.8,10.5,170.9,1.2,2.04,Alluvial
P0256,2025-08-04,5.64,344.5,53.7,135.0,0.37,0.24,Alluvial
P0256,2025-03-25,6.04,132.2,27.5,224.1,0.59,0.8,Alluvial
P0256,2025-09-12,6.69,304.1,42.8,96.8,1.43,0.59,Alluvial
P0257,2024-12-31,8.19,360.5,32.2,146.6,0.74,1.42,Sandy Loam
P0257,2025-10-31,6.23,370.0,25.9,199.1,0.43,0.93,Sandy Loam
P0257,2025-02-24,7.62,294.1,24.0,124.8,0.46,2.44,Sandy Loam
P0258,2024-11-08,7.73,179.0,28.6,259.6,0.47,2.45,Sandy Loam
P0259,2025-03-26,7.45,247.1,15.7,189.8,0.34,0.77,Clay
P0259,2025-01-28,6.4,390.2,13.0,268.0,0.76,0.15,Clay
P0259,2025-01-26,6.65,132.4,20.3,120.6,0.82,0.23,Clay
P0260,2024-02-02,7.12,217.4,11.3,213.9,1.37,2.31,Loam
P0260,2024-09-25,7.93,285.5,47.9,155.0,1.3,1.14,Loam
P0261,2024-02-28,7.92,274.9,57.6,285.1,0.64,2.48,Sandy Loam
P0261,2025-07-01,6.89,280.3,38.4,194.2,0.5,1.02,Sandy Loam
P0262,2024-08-31,5.9,124.3,50.0,289.2,0.4,0.7,Loam
P0262,2025-07-09,6.39,279.9,11.9,140.3,0.62,0.7,Loam
P0262,2025-10-30,7.93,290.2,16.2,205.1,0.69,0.73,Loam
P0263,2025-03-30,6.89,243.2,33.3,292.5,0.88,2.13,Loam
P0264,2025-02-22,5.68,382.9,23.8,214.3,0.68,0.25,Clay Loam
P0265,2024-09-21,7.8,197.3,53.5,108.0,1.06,0.45,Alluvial
P0266,2025-11-02,5.65,152.0,11.9,230.6,1.33,1.49,Clay
P0266,2024-02-12,7.16,183.8,57.6,298.2,1.47,0.14,Clay
P0266,2024-12-27,7.12,132.5,21.7,104.0,0.91,0.37,Clay
P0267,2024-08-30,6.11,279.7,51.5,229.8,0.39,1.12,Sandy Loam
P0268,2024-05-26,5.57,290.0,28.0,294.5,1.38,1.0,Sandy Loam
P0268,2024-10-28,7.37,164.9,12.2,284.7,1.39,0.16,Sandy Loam
P0269,2024-08-04,7.92,263.0,49.0,191.8,1.0,0.93,Alluvial
P0269,2024-08-08,6.64,283.2,42.9,113.0,1.22,1.66,Alluvial
P0269,2024-03-20,8.38,397.8,38.3,299.5,1.06,1.86,Alluvial
P0270,2024-05-04,8.04,267.8,12.6,183.9,0.93,1.16,Clay Loam
P0270,2024-10-02,6.09,281.1,55.6,152.3,1.26,2.45,Clay Loam
P0270,2024-08-24,6.87,329.5,15.8,133.0,1.18,2.21,Clay Loam
P0271,2024-03-22,6.56,261.6,55.7,223.7,1.03,1.18,Sandy Loam
P0271,2025-03-04,6.19,351.8,59.3,283.7,0.59,2.28,Sandy Loam
P0272,2025-08-21,7.5,289.6,49.8,155.1,0.44,1.08,Alluvial
P0272,2025-06-01,8.45,281.3,41.6,250.0,1.38,2.2,Alluvial
P0272,2024-01-16,6.0,237.2,48.3,236.5,0.86,0.34,Alluvial
P0273,2025-03-17,5.57,166.7,13.7,193.3,0.94,1.03,Loam
P0274,2024-12-28,5.88,315.1,22.1,144.5,0.7,2.08,Clay Loam
P0274,2024-12-10,7.27,292.7,59.7,90.0,1.19,0.95,Clay Loam
P0275,2025-02-22,7.39,327.4,31.8,246.7,1.14,1.86,Loam
P0275,2025-08-26,8.25,382.3,14.2,277.0,1.01,0.99,Loam
P0276,2025-04-09,6.64,242.8,35.4,209.4,1.43,0.33,Clay
P0276,2024-10-31,6.98,133.5,35.9,195.5,0.91,2.33,Clay
P0276,2024-10-19,6.47,209.2,18.9,111.5,1.28,1.86,Clay
P0277,2024-08-03,6.79,197.9,54.0,149.2,0.72,0.5,Loam
P0277,2024-10-21,6.32,242.9,54.3,143.5,1.4,2.47,Loam
P0277,2024-04-18,8.27,306.6,17.1,125.5,1.31,1.91,Loam
P0278,2025-09-04,8.21,388.8,37.0,255.8,0.31,2.1,Sandy Loam
P0279,2025-01-13,6.11,383.7,38.6,241.1,0.93,2.09,Clay
P0280,2024-04-22,7.65,377.4,16.0,275.6,0.89,0.31,Sandy Loam
P0280,2024-05-20,8.48,324.9,15.8,157.8,0.39,2.0,Sandy Loam
P0281,2024-03-17,6.48,262.0,23.8,218.7,0.92,1.96,Clay
P0281,2024-11-18,8.18,130.7,15.0,235.1,0.93,0.56,Clay
P0281,2025-07-25,7.48,365.7,11.8,219.6,0.31,0.43,Clay
P0282,2024-08-13,7.52,194.3,17.6,259.1,1.18,0.78,Sandy Loam
P0282,2024-07-22,7.4,144.8,35.8,239.1,0.56,1.14,Sandy Loam
P0283,2025-07-25,7.33,318.8,11.9,231.4,1.04,1.61,Loam
P0283,2024-08-28,7.41,255.6,42.8,119.6,0.66,0.66,Loam
P0284,2025-11-15,6.96,343.1,29.6,158.6,0.88,0.33,Clay Loam
P0284,2024-04-25,8.39,371.1,48.2,172.3,0.84,0.69,Clay Loam
P0285,2024-04-28,6.03,387.8,43.0,156.5,0.78,0.41,Clay Loam
P0285,2025-05-10,8.02,361.9,40.1,231.2,0.33,0.74,Clay Loam
P0286,2025-02-22,5.68,336.1,23.1,149.9,0.77,1.16,Sandy Loam
P0287,2024-09-23,8.24,195.1,46.4,154.8,1.28,0.84,Sandy Loam
P0287,2025-02-23,6.16,365.2,36.8,251.5,0.43,2.42,Sandy Loam
P0288,2024-12-03,5.89,271.1,57.5,84.6,0.76,1.97,Clay
P0288,2024-12-07,8.24,334.7,37.6,224.1,0.92,0.97,Clay
P0288,2024-07-22,8.46,354.7,29.8,237.9,0.65,0.49,Clay
P0289,2024-12-05,6.74,274.8,22.4,83.0,1.31,1.91,Loam
P0289,2025-06-23,5.81,231.4,34.2,114.5,0.66,0.65,Loam
P0290,2024-09-10,5.6,330.0,50.6,163.1,0.78,2.06,Alluvial
P0290,2024-10-03,8.09,141.4,35.2,234.8,1.18,0.15,Alluvial
P0290,2025-07-08,7.31,162.5,46.8,254.4,0.53,1.55,Alluvial
P0291,2024-11-27,6.78,328.2,25.1,181.0,0.42,2.43,Clay
P0291,2025-08-13,6.91,201.5,14.7,292.7,0.97,1.26,Clay
P0292,2025-06-30,7.02,227.1,59.7,240.1,1.44,1.93,Clay
P0292,2024-04-20,6.86,281.8,11.2,249.7,0.84,1.24,Clay
P0292,2024-04-21,7.43,213.1,50.5,294.7,0.41,0.51,Clay
P0293,2025-08-30,6.25,159.6,40.8,184.2,1.17,1.46,Clay Loam
P0293,2024-08-26,5.68,258.2,30.6,242.9,1.3,0.19,Clay Loam
P0294,2025-08-01,7.3,364.0,23.4,126.0,0.97,1.27,Clay Loam
P0294,2025-05-26,6.44,302.6,26.1,236.0,0.92,2.16,Clay Loam
P0294,2024-03-24,8.26,239.2,13.9,108.0,0.32,1.35,Clay Loam
P0295,2024-06-19,6.09,363.5,15.7,274.8,0.89,1.6,Sandy Loam
P0296,2025-05-13,5.92,364.8,30.9,82.0,0.44,2.49,Clay
P0296,2025-11-23,6.31,210.3,54.5,204.0,0.5,0.8,Clay
P0296,2024-07-28,7.91,386.6,28.6,213.0,0.87,0.61,Clay
P0297,2024-05-18,5.99,320.2,33.7,149.9,0.52,1.23,Loam
P0297,2024-01-06,6.44,172.5,44.7,198.3,0.7,0.25,Loam
P0298,2025-08-31,5.97,218.1,38.0,129.7,1.05,2.33,Alluvial
P0298,2024-10-08,6.35,375.2,31.3,240.5,0.74,1.94,Alluvial
P0299,2025-07-28,7.12,304.6,13.9,113.5,1.18,0.77,Alluvial
P0299,2024-09-26,7.19,155.5,36.1,221.9,0.76,1.48,Alluvial
P0300,2025-09-11,6.33,346.0,53.6,227.1,0.87,0.5,Alluvial
P0300,2024-08-25,8.47,145.6,50.2,112.2,0.5,2.2,Alluvial
P0300,2024-11-27,5.73,391.6,16.8,257.6,0.81,1.23,Alluvial
P0301,2025-05-27,7.78,187.4,29.7,250.3,1.15,0.95,Loam
P0301,2025-06-18,6.45,141.9,40.3,127.1,0.5,1.62,Loam
P0302,2024-05-26,8.02,276.9,34.5,253.6,1.12,1.44,Clay Loam
P0302,2025-03-21,7.46,169.8,53.3,268.2,1.22,0.93,Clay Loam
P0303,2024-08-06,7.35,365.4,56.0,122.0,0.75,2.34,Clay Loam
P0303,2024-01-11,6.09,221.1,19.7,209.0,0.69,2.29,Clay Loam
P0304,2025-05-29,8.26,289.9,11.7,140.5,0.87,0.21,Loam
P0304,2024-09-16,6.32,136.0,38.6,86.7,1.16,1.23,Loam
P0305,2025-10-09,6.86,168.7,47.5,222.5,0.95,0.35,Loam
P0305,2025-01-13,5.59,370.4,17.7,242.0,1.35,0.42,Loam
P0305,2025-03-05,8.0,153.4,32.2,236.3,0.68,2.16,Loam
P0306,2024-07-17,7.47,326.5,26.6,227.8,1.38,2.25,Sandy Loam
P0306,2024-06-22,8.22,284.3,57.2,193.6,1.43,1.07,Sandy Loam
P0307,2025-11-16,5.68,174.0,48.1,112.5,0.62,0.51,Loam
P0307,2024-02-15,6.33,175.6,35.3,118.1,1.2,2.11,Loam
P0307,2024-01-04,6.43,277.0,15.9,182.6,1.3,0.31,Loam
P0308,2024-03-31,5.85,145.4,46.5,120.8,1.01,2.42,Sandy Loam
P0308,2024-06-22,7.87,180.9,28.7,97.9,1.17,0.69,Sandy Loam
P0309,2025-10-19,8.33,362.1,47.4,242.4,0.67,1.01,Clay
P0309,2024-10-20,6.03,159.3,25.8,129.7,0.53,2.22,Clay
P0309,2024-06-30,8.44,192.6,32.0,100.3,0.73,0.97,Clay
P0310,2025-06-19,6.85,296.7,51.6,88.1,1.3,1.03,Loam
P0310,2025-07-04,7.21,398.3,31.7,222.1,1.12,0.79,Loam
P0310,2024-12-16,7.6,261.1,51.5,254.7,0.41,1.96,Loam
P0311,2024-08-11,6.9,128.8,15.8,224.8,0.52,0.44,Clay
P0311,2025-08-23,6.47,277.9,42.9,278.3,0.69,0.35,Clay
P0312,2024-01-09,5.98,253.1,26.8,278.7,0.52,0.96,Clay
P0312,2024-06-15,6.9,172.1,11.1,258.0,0.85,1.48,Clay
P0313,2025-02-12,6.92,188.2,46.2,212.2,0.88,1.06,Clay
P0313,2024-02-11,8.41,365.7,48.2,278.2,0.91,1.11,Clay
P0314,2025-08-14,6.7,128.0,35.6,282.9,1.36,2.42,Sandy Loam
P0314,2025-06-20,6.1,392.3,47.6,108.6,0.7,2.4,Sandy Loam
P0315,2024-11-12,7.88,159.6,27.3,167.1,0.85,1.68,Clay
P0316,2024-06-25,6.4,142.5,21.8,124.7,0.41,0.69,Clay
P0317,2025-07-22,8.04,224.8,33.9,155.8,0.86,1.75,Clay Loam
P0317,2024-08-05,8.24,307.2,51.6,235.4,1.22,0.33,Clay Loam
P0317,2024-05-11,6.46,381.9,30.0,152.0,0.64,1.72,Clay Loam
P0318,2025-09-03,6.68,140.1,34.4,242.9,1.0,0.63,Alluvial
P0318,2025-09-15,6.03,185.8,28.1,190.3,0.3,1.54,Alluvial
P0319,2024-03-20,7.44,158.7,19.4,126.5,0.82,0.92,Clay
P0319,2025-10-31,6.04,162.2,25.6,228.6,0.88,0.73,Clay
P0320,2024-07-02,5.99,311.1,51.7,182.3,0.4,1.75,Sandy Loam
P0320,2024-04-13,7.47,233.3,50.3,115.4,0.45,1.32,Sandy Loam
P0321,2025-04-10,5.53,303.1,43.5,172.9,0.37,1.12,Sandy Loam
P0321,2025-10-11,5.85,346.0,55.4,190.5,1.24,1.81,Sandy Loam
P0321,2025-07-01,8.42,151.3,18.9,173.3,1.21,2.19,Sandy Loam
P0322,2024-06-02,5.52,385.5,45.4,136.7,0.92,1.57,Alluvial
P0323,2025-03-21,5.65,198.9,16.1,187.7,0.74,2.23,Clay Loam
P0323,2025-01-13,6.26,214.5,24.8,260.2,0.95,0.53,Clay Loam
P0324,2025-03-03,5.55,210.9,41.8,211.1,0.73,0.19,Loam
P0324,2025-02-09,6.25,143.5,14.7,239.9,1.06,1.13,Loam
P0325,2024-12-19,8.42,312.9,22.2,261.6,1.3,1.86,Sandy Loam
P0325,2025-06-20,7.21,131.4,26.3,88.4,1.03,1.84,Sandy Loam
P0326,2025-01-26,7.04,323.1,26.9,220.1,0.66,1.06,Clay
P0327,2024-09-20,7.66,328.0,14.0,280.7,1.46,2.0,Loam
P0328,2024-09-24,8.48,292.4,37.0,254.6,1.13,0.22,Loam
P0328,2025-08-10,6.92,333.0,31.8,244.3,1.23,0.76,Loam
P0328,2025-11-18,5.64,231.6,19.1,142.7,0.31,0.6,Loam
P0329,2025-11-03,5.89,194.8,40.0,294.7,0.68,0.63,Alluvial
P0329,2024-01-19,7.63,181.9,40.6,240.2,1.03,1.21,Alluvial
P0330,2025-10-12,7.29,271.6,33.8,202.7,0.71,0.87,Sandy Loam
P0330,2025-03-31,5.96,359.2,34.9,197.1,0.5,1.04,Sandy Loam
P0331,2024-02-03,7.48,280.0,13.9,187.0,1.48,0.3,Alluvial
P0331,2025-06-26,6.61,201.7,25.8,228.4,0.34,1.6,Alluvial
P0332,2025-10-01,6.55,240.8,59.8,85.1,1.47,1.44,Loam
P0333,2024-08-28,6.63,270.5,28.9,288.7,0.45,1.05,Sandy Loam
P0333,2024-08-04,8.48,279.8,18.9,115.0,1.23,1.86,Sandy Loam
P0334,2025-07-17,6.73,330.4,30.9,211.8,0.68,0.97,Clay
P0334,2024-04-18,7.49,312.3,41.7,220.0,0.9,1.38,Clay
P0335,2025-02-17,6.98,249.9,51.3,178.9,1.41,0.53,Clay
P0336,2024-01-04,7.1,213.5,33.2,117.9,1.39,1.02,Clay Loam
P0336,2025-10-30,6.75,237.1,19.4,86.4,0.57,1.56,Clay Loam
P0337,2024-03-23,7.3,325.0,57.3,151.5,0.6,1.47,Clay Loam
P0337,2025-04-28,7.55,386.5,11.1,212.3,1.25,1.03,Clay Loam
P0337,2025-06-07,8.09,358.1,18.1,161.2,1.35,0.52,Clay Loam
P0338,2024-07-23,6.47,202.0,54.7,125.5,0.85,0.69,Alluvial
P0338,2025-09-09,6.83,187.7,18.8,181.5,1.07,2.03,Alluvial
P0338,2024-12-05,8.12,374.5,22.2,238.9,0.38,1.9,Alluvial
P0339,2025-11-24,6.72,265.5,33.5,164.8,1.24,2.4,Clay Loam
P0339,2025-07-04,5.86,337.4,42.4,197.5,0.33,1.25,Clay Loam
P0339,2024-03-02,6.38,231.6,51.1,249.1,0.74,1.82,Clay Loam
P0340,2025-10-06,7.45,240.0,16.2,112.1,0.61,2.08,Clay Loam
P0340,2024-04-24,7.67,222.6,42.8,111.2,0.59,1.26,Clay Loam
P0340,2024-09-27,5.79,299.8,13.7,277.8,0.89,0.69,Clay Loam
P0341,2024-12-16,6.39,244.5,49.4,233.9,0.98,1.53,Loam
P0341,2024-05-23,5.94,200.8,21.1,161.6,0.74,0.8,Loam
P0342,2024-06-11,7.2,205.3,45.7,228.1,0.49,2.03,Loam
P0342,2024-05-11,5.94,201.9,29.2,220.1,0.33,0.61,Loam
P0342,2024-11-06,5.95,123.4,28.2,191.9,1.34,1.34,Loam
P0343,2025-09-25,8.2,392.3,42.2,209.2,0.9,1.36,Clay
P0343,2025-01-22,8.1,255.9,18.5,195.6,0.51,2.25,Clay
P0344,2025-11-15,8.34,215.9,25.5,129.3,0.63,1.97,Loam
P0345,2025-10-27,6.09,259.7,38.5,220.5,0.31,1.89,Sandy Loam
P0346,2024-08-21,7.72,221.8,11.6,217.8,1.44,1.32,Alluvial
P0346,2024-10-04,7.16,269.7,47.1,272.0,1.46,0.23,Alluvial
P0346,2025-08-03,7.07,188.5,49.9,120.2,1.42,2.16,Alluvial
P0347,2025-04-12,6.03,394.2,23.3,141.0,1.19,1.86,Clay
P0348,2024-05-15,7.07,137.0,21.4,208.8,1.0,1.21,Clay Loam
P0349,2024-02-22,6.46,297.5,19.8,105.6,0.4,0.57,Sandy Loam
P0349,2025-07-09,7.27,287.5,25.0,82.1,0.82,2.27,Sandy Loam
P0349,2025-03-29,7.83,174.5,50.3,215.2,0.85,0.1,Sandy Loam
P0350,2025-09-07,6.31,296.7,26.4,186.3,0.64,1.65,Clay Loam
P0350,2024-09-27,8.1,189.7,23.8,203.5,0.67,1.16,Clay Loam
P0351,2025-05-14,5.52,370.1,35.5,189.1,0.51,1.93,Alluvial
P0352,2024-11-07,5.78,361.4,27.1,231.1,1.29,0.56,Clay
P0352,2024-04-21,7.79,179.7,35.1,150.4,0.94,0.35,Clay
P0352,2024-11-03,8.28,178.9,43.6,151.2,0.53,1.05,Clay
P0353,2024-06-10,7.33,164.0,57.8,295.9,1.08,1.99,Clay
P0354,2024-10-02,6.19,193.6,56.7,263.6,0.74,0.83,Sandy Loam
P0354,2024-12-28,7.99,208.3,25.4,203.9,1.22,0.11,Sandy Loam
P0354,2025-02-17,5.67,234.5,42.3,110.8,0.85,0.76,Sandy Loam
P0355,2024-07-26,6.13,320.7,24.7,162.2,0.69,2.0,Sandy Loam
P0355,2024-11-29,7.17,326.9,49.9,215.9,0.83,0.76,Sandy Loam
P0355,2024-03-17,6.23,211.1,34.0,238.7,0.86,2.43,Sandy Loam
P0356,2025-11-06,6.67,388.7,45.3,135.0,1.48,1.51,Loam
P0357,2024-04-13,5.67,216.0,36.9,176.4,0.64,1.23,Sandy Loam
P0358,2024-03-16,6.47,337.1,30.7,113.4,0.48,0.82,Sandy Loam
P0358,2024-07-23,7.19,242.7,26.4,200.2,1.09,1.44,Sandy Loam
P0358,2024-10-25,7.57,159.3,48.5,271.6,1.14,1.87,Sandy Loam
P0359,2025-04-01,7.74,180.1,26.1,130.1,0.73,0.58,Clay Loam
P0359,2024-09-22,6.27,329.3,11.2,106.2,0.79,1.05,Clay Loam
P0360,2024-02-19,8.0,136.9,59.5,162.2,0.98,2.49,Sandy Loam
P0360,2025-05-31,8.12,211.6,36.9,142.2,0.7,0.26,Sandy Loam
P0361,2025-08-01,5.78,276.3,15.6,114.8,0.92,2.14,Alluvial
P0362,2025-04-24,7.33,398.0,47.6,248.8,0.82,0.76,Alluvial
P0362,2025-04-07,8.17,398.4,17.6,152.7,0.52,1.48,Alluvial
P0362,2025-04-09,7.08,313.9,51.0,175.1,0.33,1.48,Alluvial
P0363,2025-09-30,7.98,125.3,21.3,174.0,0.61,0.63,Clay
P0364,2024-11-30,7.1,303.0,20.0,260.7,1.41,2.24,Clay
P0364,2025-08-13,5.96,336.4,20.3,119.9,0.33,1.54,Clay
P0364,2024-02-10,7.84,271.2,57.7,152.0,0.68,0.65,Clay
P0365,2024-07-25,6.41,238.8,23.6,286.0,0.56,0.95,Alluvial
P0366,2025-03-26,5.87,385.4,11.3,270.9,1.33,0.6,Sandy Loam
P0367,2025-04-02,6.82,175.6,48.5,209.8,0.45,2.43,Loam
P0368,2025-08-15,7.67,154.1,47.8,106.5,0.89,1.55,Sandy Loam
P0368,2024-11-20,6.75,178.9,14.5,191.5,0.87,1.32,Sandy Loam
P0368,2025-04-12,5.55,226.4,31.0,291.5,0.42,0.96,Sandy Loam
P0369,2024-03-07,6.8,357.4,25.0,299.9,0.4,1.64,Loam
P0369,2025-02-03,8.13,124.4,58.2,240.5,1.38,0.21,Loam
P0370,2024-06-30,7.19,155.8,17.8,232.9,1.21,0.25,Loam
P0371,2025-11-07,6.38,292.9,51.2,172.2,0.51,1.34,Sandy Loam
P0372,2025-11-15,6.04,366.1,15.5,115.7,0.9,0.83,Clay
P0373,2025-01-17,8.23,194.3,26.1,252.3,0.7,2.23,Alluvial
P0373,2024-02-05,7.7,160.4,30.4,198.7,1.22,1.83,Alluvial
P0373,2024-06-22,5.97,124.2,54.9,100.3,1.49,0.37,Alluvial
P0374,2025-04-20,8.45,359.7,36.8,109.6,1.02,1.63,Sandy Loam
P0374,2024-11-14,6.93,371.9,22.8,151.0,0.95,2.4,Sandy Loam
P0375,2024-04-08,6.93,329.6,52.6,123.2,0.56,0.41,Sandy Loam
P0375,2024-05-26,6.18,143.0,14.7,168.8,1.36,0.35,Sandy Loam
P0375,2024-08-19,6.25,324.4,25.1,236.3,0.85,1.52,Sandy Loam
P0376,2025-08-14,8.46,194.7,55.0,152.1,0.75,0.45,Sandy Loam
P0376,2024-02-05,7.74,343.9,41.6,254.7,1.48,0.13,Sandy Loam
P0376,2025-10-11,5.6,342.5,18.1,151.0,0.99,1.26,Sandy Loam
P0377,2024-07-11,7.39,348.8,38.9,179.5,0.56,1.59,Loam
P0377,2025-07-12,6.82,328.6,42.8,193.2,0.7,2.49,Loam
P0378,2024-09-18,6.52,364.2,48.6,180.4,0.42,2.15,Loam
P0379,2024-09-26,5.69,222.3,42.1,292.2,0.45,0.65,Alluvial
P0379,2025-04-13,7.99,153.7,45.6,107.8,0.72,1.19,Alluvial
P0379,2025-07-20,8.45,143.2,53.3,191.0,0.78,2.36,Alluvial
P0380,2024-07-18,5.93,310.6,48.8,123.7,1.19,1.36,Clay Loam
P0380,2024-06-04,7.19,268.6,12.3,197.3,0.95,1.76,Clay Loam
P0380,2025-06-27,6.0,164.4,44.0,219.7,1.33,0.64,Clay Loam
P0381,2024-06-04,7.12,387.4,31.2,124.5,0.36,2.43,Loam
P0381,2025-02-14,6.39,372.3,58.6,276.6,0.86,0.43,Loam
P0381,2024-11-03,5.5,190.4,37.8,148.6,1.41,1.57,Loam
P0382,2024-03-01,7.77,159.3,34.0,115.3,1.47,2.44,Clay Loam
P0383,2025-02-04,7.86,300.9,29.5,122.5,1.3,0.27,Alluvial
P0384,2024-05-23,8.18,154.6,47.0,287.8,0.48,1.16,Clay
P0384,2025-11-19,6.33,211.7,41.8,194.5,0.93,1.95,Clay
P0385,2025-04-27,6.2,242.7,51.1,199.1,1.03,0.47,Loam
P0385,2024-12-15,8.13,385.9,12.0,264.4,0.61,1.6,Loam
P0385,2025-03-12,7.25,365.3,44.6,254.8,1.21,0.64,Loam
P0386,2024-03-31,8.49,288.9,40.0,159.8,1.34,1.7,Clay
P0387,2025-03-18,6.77,298.7,53.3,141.6,1.17,0.76,Loam
P0387,2024-09-14,7.42,212.1,43.3,135.3,0.73,0.13,Loam
P0387,2025-05-12,6.23,258.6,39.6,226.4,0.42,1.97,Loam
P0388,2025-05-14,7.18,354.5,28.8,194.2,1.41,1.02,Clay
P0388,2025-09-08,5.82,354.7,42.1,101.7,0.41,2.42,Clay
P0388,2024-09-01,6.58,308.3,55.2,172.8,0.77,1.89,Clay
P0389,2025-10-24,7.86,358.6,38.7,195.0,1.43,2.05,Loam
P0389,2025-10-05,7.73,240.9,55.4,127.5,0.52,1.61,Loam
P0390,2024-04-11,6.38,235.4,11.4,180.5,1.37,0.96,Clay Loam
P0390,2025-11-30,6.53,392.6,22.4,178.1,0.36,1.2,Clay Loam
P0391,2024-09-26,7.81,165.0,37.9,270.0,1.08,1.88,Sandy Loam
P0391,2024-12-22,7.84,168.2,35.0,99.6,0.72,1.39,Sandy Loam
P0391,2024-08-21,6.45,205.6,55.7,99.9,0.79,1.59,Sandy Loam
P0392,2024-07-09,7.77,176.6,52.8,186.8,0.7,1.15,Sandy Loam
P0392,2025-01-05,7.76,388.6,26.1,104.5,1.0,2.28,Sandy Loam
P0392,2025-10-19,7.18,331.9,36.9,167.6,1.13,0.58,Sandy Loam
P0393,2025-09-04,8.24,305.7,52.6,112.1,0.71,0.95,Sandy Loam
P0394,2025-01-29,5.81,387.7,50.7,275.2,0.65,1.47,Loam
P0395,2024-11-27,8.5,243.9,12.0,200.6,1.1,0.76,Alluvial
P0396,2024-08-17,8.0,395.3,22.3,129.7,1.08,0.62,Alluvial
P0396,2024-01-13,6.39,390.1,52.9,186.3,0.83,1.44,Alluvial
P0397,2024-07-15,6.74,357.4,39.0,218.0,1.37,2.45,Clay
P0397,2024-09-24,7.62,394.9,50.2,138.0,0.74,2.26,Clay
P0397,2024-08-28,6.46,220.0,57.9,109.6,1.33,2.47,Clay
P0398,2025-07-05,7.24,147.1,55.9,296.8,1.15,1.38,Clay
P0399,2025-09-10,6.18,217.5,45.1,294.8,1.29,0.64,Clay
P0400,2025-08-11,8.01,248.9,31.9,210.0,0.38,2.49,Clay Loam
P0400,2024-01-23,7.18,276.5,12.9,156.5,1.34,0.45,Clay Loam
P0401,2024-12-28,5.7,321.3,38.5,288.4,1.17,1.81,Sandy Loam
P0401,2025-05-17,6.79,334.0,16.7,167.2,1.09,0.84,Sandy Loam
P0401,2025-11-21,6.41,185.1,49.9,191.8,0.79,1.94,Sandy Loam
P0402,2025-08-23,6.44,121.9,40.5,236.7,0.73,0.39,Clay Loam
P0402,2024-03-13,7.34,268.3,46.5,241.2,0.6,1.54,Clay Loam
P0402,2024-07-02,8.01,128.3,56.4,240.3,0.7,0.33,Clay Loam
P0403,2025-08-10,7.6,311.9,50.2,163.9,0.87,2.13,Clay Loam
P0403,2024-07-06,5.79,219.4,45.4,273.4,0.9,0.54,Clay Loam
P0404,2024-07-24,6.18,396.0,41.7,154.7,1.2,1.36,Clay
P0404,2024-01-21,8.14,137.1,37.9,230.2,0.41,0.1,Clay
P0405,2024-01-13,5.51,227.7,11.4,279.1,0.98,2.16,Clay
P0405,2024-06-25,6.07,293.8,19.1,128.0,0.71,2.19,Clay
P0405,2024-06-07,7.3,280.7,54.6,235.4,1.36,0.53,Clay
P0406,2025-03-31,5.59,130.9,36.9,290.8,1.43,2.04,Alluvial
P0407,2024-10-25,5.82,311.2,39.5,116.8,0.42,0.56,Clay
P0407,2024-06-07,8.49,377.6,56.9,284.3,0.96,1.03,Clay
P0408,2024-04-29,7.51,138.3,22.3,111.1,1.45,1.28,Clay
P0408,2025-02-17,5.62,136.4,59.1,185.7,1.31,1.68,Clay
P0409,2024-04-11,8.04,145.5,42.7,280.6,0.98,1.79,Loam
P0409,2025-06-18,6.68,273.0,20.0,150.5,0.84,0.58,Loam
P0409,2025-10-03,6.78,241.8,14.1,85.2,0.43,1.45,Loam
P0410,2025-02-02,6.42,397.8,48.5,249.6,1.14,1.37,Sandy Loam
P0410,2024-02-12,6.06,145.0,54.6,244.5,0.99,0.52,Sandy Loam
P0410,2024-11-17,7.72,269.6,12.4,146.6,0.53,2.41,Sandy Loam
P0411,2025-12-01,8.12,326.8,36.2,119.2,0.74,1.78,Alluvial
P0412,2024-04-11,6.87,172.0,21.1,150.5,1.16,1.29,Clay
P0413,2025-10-17,7.34,132.7,29.1,278.1,0.44,0.8,Clay
P0413,2024-09-03,7.48,376.3,26.5,119.0,0.77,0.65,Clay
P0413,2025-02-15,5.63,159.7,22.3,227.1,1.36,1.11,Clay
P0414,2025-10-03,6.43,383.3,42.7,281.0,0.79,0.12,Sandy Loam
P0414,2025-02-27,6.63,355.9,19.5,251.4,0.6,0.13,Sandy Loam
P0414,2025-02-08,5.63,334.8,16.4,231.7,0.38,0.37,Sandy Loam
P0415,2025-05-15,5.7,270.3,18.4,242.8,1.45,1.82,Sandy Loam
P0416,2025-02-11,6.35,200.2,52.8,137.5,1.21,1.05,Clay Loam
P0416,2024-07-25,8.35,275.3,34.9,108.0,1.49,1.23,Clay Loam
P0416,2024-04-21,5.83,130.6,29.4,98.4,1.13,0.26,Clay Loam
P0417,2025-09-22,6.61,326.7,32.1,249.2,1.1,1.31,Clay Loam
P0417,2024-07-12,7.81,323.0,12.2,83.1,0.48,2.16,Clay Loam
P0418,2024-06-28,6.55,176.2,42.2,166.1,0.48,0.8,Alluvial
P0418,2024-03-06,6.18,295.6,26.8,238.7,0.33,1.16,Alluvial
P0419,2025-09-08,7.09,275.9,17.2,292.1,0.37,1.74,Alluvial
P0420,2025-06-14,7.1,293.2,18.5,285.2,0.74,0.44,Loam
P0420,2024-04-16,7.55,121.7,10.2,92.9,0.77,1.46,Loam
P0421,2025-10-05,5.61,272.8,11.0,261.3,0.87,1.47,Clay Loam
P0422,2024-10-16,7.56,228.3,55.5,132.3,0.89,0.7,Loam
P0422,2025-10-13,6.86,377.4,17.7,198.0,0.73,0.45,Loam
P0423,2024-06-27,8.39,228.8,22.9,115.3,1.19,1.14,Sandy Loam
P0423,2024-11-03,5.93,248.8,45.5,199.1,0.57,1.07,Sandy Loam
P0423,2025-10-03,6.56,383.7,31.1,171.9,1.18,1.17,Sandy Loam
P0424,2025-04-19,6.59,211.3,29.9,239.1,0.55,0.62,Loam
P0424,2024-07-14,7.21,385.4,46.5,252.5,0.74,1.21,Loam
P0425,2025-01-18,7.43,179.8,17.1,103.9,1.08,0.82,Sandy Loam
P0425,2025-09-30,6.74,175.8,26.9,275.8,1.09,2.35,Sandy Loam
P0426,2024-07-03,8.33,126.7,20.3,204.8,0.51,2.46,Clay Loam
P0426,2025-11-27,7.19,163.6,30.1,252.0,0.54,1.09,Clay Loam
P0427,2024-09-08,8.1,156.6,56.6,149.6,1.42,1.57,Sandy Loam
P0427,2025-10-05,8.13,309.3,49.3,98.9,0.31,2.17,Sandy Loam
P0428,2024-12-05,8.06,207.7,55.1,124.7,0.48,0.61,Sandy Loam
P0429,2025-01-06,7.37,208.3,55.2,178.3,0.71,0.52,Loam
P0430,2024-04-13,7.91,164.7,54.0,115.9,0.44,2.28,Clay
P0430,2025-02-23,5.97,274.6,33.5,296.3,1.13,2.27,Clay
P0431,2025-11-10,8.34,374.6,14.9,88.7,1.36,1.23,Clay Loam
P0432,2024-06-23,7.8,284.1,59.4,159.7,0.83,1.47,Clay Loam
P0432,2025-04-03,8.18,391.7,57.3,204.7,1.36,2.47,Clay Loam
P0433,2024-03-11,6.03,294.7,43.9,281.7,0.43,2.34,Alluvial
P0433,2025-11-15,6.09,297.6,24.6,254.4,1.24,0.95,Alluvial
P0434,2024-01-17,7.37,285.3,59.6,160.3,0.6,1.33,Clay
P0434,2025-06-16,8.21,126.6,25.9,116.7,1.08,1.78,Clay
P0435,2025-04-04,8.49,214.5,23.6,298.9,1.09,1.68,Alluvial
P0435,2024-12-06,7.15,156.6,58.9,217.3,1.18,0.15,Alluvial
P0436,2024-07-23,8.21,226.4,11.8,227.8,1.14,0.91,Clay
P0436,2025-06-08,8.06,339.6,30.4,155.3,1.43,1.83,Clay
P0437,2024-07-16,6.97,194.7,55.7,282.1,0.4,1.7,Alluvial
P0437,2024-11-22,8.08,370.8,11.2,108.3,1.21,0.68,Alluvial
P0437,2024-06-30,6.62,163.1,50.1,251.4,1.34,0.12,Alluvial
P0438,2024-12-15,8.11,292.9,17.8,217.7,1.35,1.21,Alluvial
P0439,2025-11-11,5.82,154.2,45.2,123.9,1.2,0.29,Loam
P0439,2024-04-03,7.65,145.6,31.6,230.8,0.55,1.82,Loam
P0440,2024-11-24,7.38,173.9,50.9,235.8,0.89,1.8,Sandy Loam
P0440,2025-04-25,6.36,309.3,53.3,93.5,0.52,0.12,Sandy Loam
P0441,2024-07-21,6.29,365.9,38.8,121.7,0.45,1.93,Clay
P0442,2024-07-10,8.05,331.8,21.4,166.8,1.3,0.81,Clay
P0443,2025-06-02,7.42,181.1,22.5,155.8,0.59,0.12,Sandy Loam
P0443,2025-11-30,6.26,331.2,13.2,93.8,0.71,1.86,Sandy Loam
P0444,2025-03-16,5.74,334.0,45.8,82.6,1.19,0.31,Sandy Loam
P0444,2025-08-25,7.81,376.1,44.9,213.2,1.45,1.47,Sandy Loam
P0444,2024-11-22,6.85,327.8,34.0,189.9,1.22,0.85,Sandy Loam
P0445,2024-07-13,6.18,167.8,44.5,170.1,1.36,0.88,Sandy Loam
P0445,2025-02-16,6.89,371.7,32.6,111.3,1.2,1.11,Sandy Loam
P0445,2024-01-26,8.12,340.7,29.1,271.5,0.48,0.98,Sandy Loam
P0446,2025-11-08,8.22,162.3,57.3,127.7,0.32,1.23,Loam
P0446,2024-10-04,6.51,126.1,29.6,146.8,1.45,1.42,Loam
P0447,2024-07-13,6.96,322.6,31.6,288.4,0.49,2.43,Alluvial
P0448,2024-12-27,8.38,138.7,26.2,184.9,0.65,0.66,Clay
P0449,2024-08-09,6.75,123.6,25.4,114.9,1.06,1.74,Alluvial
P0449,2025-03-15,7.33,287.8,36.5,155.0,0.75,1.75,Alluvial
P0450,2025-01-13,7.2,252.6,10.9,161.4,0.6,2.37,Loam
P0451,2024-08-27,8.23,372.7,41.7,278.4,0.87,0.77,Alluvial
P0451,2024-12-14,7.23,212.7,19.7,108.0,0.69,1.62,Alluvial
P0451,2024-08-22,7.62,290.6,50.7,134.8,0.98,2.24,Alluvial
P0452,2025-06-07,8.14,227.6,17.4,150.8,0.94,1.21,Clay Loam
P0452,2024-09-29,5.7,229.1,19.7,249.4,1.15,0.97,Clay Loam
P0453,2025-04-30,6.24,297.3,26.4,261.5,0.88,0.45,Sandy Loam
P0454,2024-11-23,6.95,208.0,54.2,124.0,1.27,0.55,Clay Loam
P0454,2025-09-03,7.32,202.8,13.0,274.6,0.93,1.31,Clay Loam
P0455,2025-01-20,6.77,349.2,10.5,137.4,0.47,0.16,Clay Loam
P0456,2025-10-21,7.79,142.0,33.2,280.2,0.48,1.6,Clay
P0456,2025-07-22,5.97,244.4,25.7,286.1,0.85,0.57,Clay
P0456,2025-09-13,6.86,165.6,16.4,290.3,0.45,2.18,Clay
P0457,2025-05-03,6.61,208.3,46.0,201.0,1.05,1.65,Alluvial
P0457,2025-02-09,6.03,291.7,48.0,221.6,0.69,1.92,Alluvial
P0457,2024-02-10,8.15,135.6,45.9,109.0,0.38,0.26,Alluvial
P0458,2024-04-14,7.07,383.2,21.8,246.0,1.47,0.91,Clay Loam
P0459,2024-12-17,7.75,257.9,37.3,195.4,1.07,1.05,Loam
P0459,2024-06-07,7.14,145.1,20.4,115.0,1.22,2.18,Loam
P0460,2024-09-02,5.67,311.4,11.2,221.4,1.14,1.25,Clay
P0461,2024-08-12,7.78,386.0,57.7,110.3,0.68,1.03,Clay Loam
P0462,2025-11-17,6.69,262.9,24.5,85.2,1.16,1.1,Sandy Loam
P0462,2024-03-10,5.62,285.1,20.4,208.2,0.31,1.78,Sandy Loam
P0462,2025-08-18,8.14,262.6,51.5,167.4,0.48,0.12,Sandy Loam
P0463,2025-09-29,6.34,275.8,35.5,115.2,0.54,1.56,Clay Loam
P0463,2024-12-08,6.09,371.4,29.6,223.1,0.84,1.17,Clay Loam
P0463,2025-10-29,7.52,335.6,20.2,104.8,0.76,0.36,Clay Loam
P0464,2024-07-23,7.78,326.0,24.9,231.7,0.56,1.52,Sandy Loam
P0465,2025-01-04,6.89,301.4,21.5,275.8,1.31,0.62,Loam
P0465,2024-01-25,6.43,180.6,19.0,153.5,0.9,1.83,Loam
P0466,2024-12-01,6.87,229.4,47.7,282.6,0.88,1.53,Clay
P0466,2025-11-14,8.07,189.6,40.8,274.6,1.32,1.59,Clay
P0466,2024-01-12,8.34,380.4,25.2,163.9,0.98,0.48,Clay
P0467,2025-01-11,6.15,173.4,31.2,272.8,0.39,1.1,Clay
P0468,2024-10-31,7.81,371.6,25.1,137.8,1.42,2.23,Sandy Loam
P0469,2024-05-03,8.26,328.4,44.1,86.7,1.42,1.24,Sandy Loam
P0470,2024-04-25,5.76,185.7,53.5,207.6,0.97,0.75,Clay Loam
P0471,2025-07-30,6.94,324.8,17.7,94.3,1.11,0.17,Loam
P0471,2025-05-24,6.8,250.4,18.8,82.9,1.38,1.68,Loam
P0471,2024-10-14,7.63,321.3,20.1,138.8,1.11,2.41,Loam
P0472,2024-08-28,7.57,346.9,59.8,89.7,0.98,2.16,Loam
P0473,2025-05-15,7.88,320.4,47.1,143.0,0.41,0.98,Sandy Loam
P0473,2025-04-28,7.13,224.5,55.1,239.8,0.95,0.87,Sandy Loam
P0473,2025-10-16,6.54,168.7,30.1,182.8,0.72,0.8,Sandy Loam
P0474,2025-05-21,7.53,234.2,58.1,99.0,0.6,0.43,Loam
P0474,2025-01-02,7.44,246.2,37.0,229.7,1.37,0.92,Loam
P0474,2025-10-02,5.94,215.7,41.6,243.9,1.32,1.48,Loam
P0475,2025-02-09,5.75,237.3,15.6,190.3,0.35,0.35,Alluvial
P0476,2024-09-17,8.3,306.1,18.2,129.9,1.15,0.9,Alluvial
P0477,2024-11-29,7.7,343.1,37.4,166.9,1.09,1.04,Clay Loam
P0478,2024-12-25,7.75,312.6,59.4,129.7,1.07,0.47,Loam
P0478,2024-07-11,7.65,370.1,58.5,256.0,0.89,2.3,Loam
P0478,2024-11-09,6.23,233.7,51.3,199.2,0.42,2.05,Loam
P0479,2024-01-17,5.59,153.9,19.3,250.7,0.39,0.71,Loam
P0480,2025-03-08,8.33,305.2,10.5,211.5,0.71,1.0,Loam
P0481,2025-03-14,7.36,377.5,41.8,210.5,1.11,2.44,Clay
P0481,2025-05-26,6.46,128.7,45.0,269.5,0.76,1.39,Clay
P0482,2025-03-08,7.57,293.7,27.6,293.7,0.89,0.17,Loam
P0483,2025-05-14,7.78,144.3,22.6,100.3,0.59,2.09,Clay
P0484,2024-04-06,6.86,329.7,22.1,296.5,0.34,0.84,Loam
P0484,2025-04-07,6.15,235.0,10.5,108.2,1.34,1.97,Loam
P0484,2025-06-02,6.83,260.6,33.2,233.4,0.77,2.32,Loam
P0485,2024-02-19,6.26,152.9,35.8,118.3,0.84,2.15,Alluvial
P0485,2024-02-10,6.37,212.8,15.5,114.1,1.3,0.58,Alluvial
P0485,2025-05-12,6.25,228.4,47.2,223.9,0.51,1.0,Alluvial
P0486,2024-07-06,6.17,362.4,39.2,188.5,1.16,2.04,Alluvial
P0486,2024-04-28,5.8,159.0,47.0,288.3,0.98,1.15,Alluvial
P0487,2025-03-16,5.56,267.0,44.7,219.7,0.43,1.24,Loam
P0487,2024-10-12,6.81,316.6,13.3,99.2,1.35,1.7,Loam
P0488,2025-02-14,7.02,188.1,56.4,110.3,0.33,0.31,Loam
P0488,2024-07-10,7.49,244.9,59.8,162.1,0.62,0.26,Loam
P0489,2024-07-08,7.25,152.4,12.0,124.5,0.66,1.89,Clay Loam
P0489,2025-02-04,5.53,136.8,49.4,104.8,1.1,1.51,Clay Loam
P0489,2024-01-10,6.41,347.2,26.0,133.6,0.88,0.61,Clay Loam
P0490,2025-05-01,6.93,180.0,18.6,201.7,1.05,2.16,Clay
P0490,2024-03-13,5.94,155.5,35.5,269.5,0.38,1.33,Clay
P0490,2024-03-15,7.2,189.2,47.7,264.7,0.73,0.64,Clay
P0491,2025-02-20,5.68,240.9,53.5,251.7,0.33,1.71,Clay
P0491,2025-01-17,6.67,289.8,53.3,244.7,0.45,1.58,Clay
P0492,2025-02-20,7.44,331.5,17.9,211.8,0.65,1.96,Sandy Loam
P0492,2025-03-19,7.3,236.8,38.1,235.0,1.23,1.96,Sandy Loam
P0492,2024-02-10,6.61,230.1,33.2,257.5,1.4,0.83,Sandy Loam
P0493,2025-09-11,6.48,206.3,57.4,192.5,0.76,2.19,Sandy Loam
P0493,2025-08-26,7.59,378.6,40.3,225.4,0.99,1.23,Sandy Loam
P0493,2024-04-03,7.57,393.1,36.6,215.6,0.38,1.61,Sandy Loam
P0494,2024-10-22,7.28,183.8,56.3,151.3,0.59,0.56,Sandy Loam
P0494,2024-11-09,6.08,213.8,43.8,141.3,1.02,1.71,Sandy Loam
P0495,2025-09-19,8.17,159.0,48.5,144.9,1.12,0.97,Sandy Loam
P0496,2025-07-20,6.46,343.4,39.1,118.2,1.17,2.2,Sandy Loam
P0496,2025-10-15,6.24,287.5,41.7,154.2,1.36,2.04,Sandy Loam
P0496,2025-01-18,6.24,255.6,23.5,205.0,0.94,0.45,Sandy Loam
P0497,2024-03-14,6.26,390.6,50.7,296.5,0.3,0.55,Loam
P0497,2024-09-17,8.28,247.3,59.5,208.4,0.63,1.46,Loam
P0497,2024-07-22,6.3,394.8,41.4,187.7,0.43,1.15,Loam
P0498,2024-05-02,5.92,154.4,48.0,298.7,0.35,0.27,Loam
P0498,2024-04-20,7.15,195.2,49.2,283.7,1.12,0.59,Loam
P0499,2025-08-03,5.68,151.2,58.8,238.3,0.64,0.68,Sandy Loam
P0499,2024-08-13,7.35,279.8,23.3,201.6,1.31,0.46,Sandy Loam
P0499,2025-07-20,7.25,333.5,18.6,292.6,0.76,1.4,Sandy Loam
P0500,2024-06-13,5.77,327.3,58.9,139.3,0.88,0.33,Clay Loam
